text,category
The world tour opened to a top chart debut this weekend. Analysts expect the visiting club to reach the championship final this year. Fans praised the young midfielder after the visiting club cruised to victory. The world tour opened to a viral social media moment this weekend.,Sports
The social media platform unveiled a new artificial intelligence model this week. Investors reacted cautiously to inflation affecting the airline. Investors are watching the robotics firm closely after significant delays. An autonomous delivery drone from the cloud provider reported record quarterly earnings. Analysts say the tech giant could see strong developer interest following the release of a cybersecurity tool. The software company recalled a cybersecurity tool this week. The board of the conglomerate met to discuss a major merger.,Technology
The airline responded to record quarterly revenue amid increased competition. Analysts say the chipmaker could see a surge in user growth following the release of a flagship smartphone. The energy firm plans to open several new locations despite higher fuel costs. The social media platform scaled up production of a new artificial intelligence model this week. Developers welcomed the chipmaker's decision to release a cloud computing platform. Engineers at the social media platform announced a new artificial intelligence model after five months of testing. Analysts say the cloud provider could see a surge in user growth following the release of a new artificial intelligence model.,Technology
The opposition leader defended the healthcare reform during a press briefing. The conglomerate warned investors about record quarterly revenue amid higher fuel costs. The election commission is expected to vote on the new tax bill next month. The logistics company revised forecasts because of an unexpected loss amid inflation. Analysts linked a wave of layoffs at the retailer to supply chain disruptions. The airline announced strong consumer demand in its latest earnings report. Protesters gathered outside the senate committee to oppose the budget proposal.,Politics
The software company open-sourced a flagship smartphone this week. The startup confirmed a security breach linked to a cloud computing platform. Developers welcomed the software company's decision to release a cybersecurity tool. The tech giant confirmed strong developer interest linked to a cloud computing platform. Investors reacted cautiously to a new trade agreement affecting the energy firm. Analysts say the software company could see strong developer interest following the release of an autonomous delivery drone.,Technology
The film director will appear in five new projects after the debut album. The fashion designer surprised fans with the debut album. The documentary broke records with record ticket sales. The new film opened to a sold-out premiere this weekend.,Entertainment
The election commission is expected to vote on the healthcare reform next month. Protesters gathered outside the cabinet to oppose the healthcare reform. The airline plans to open several new locations despite supply chain disruptions. The prime minister defended the new tax bill during a press briefing. Protesters gathered outside the national assembly to oppose the trade agreement. Investors reacted cautiously to increased competition affecting the airline.,Politics
Investors reacted cautiously to rising interest rates affecting the energy firm. The state governor defended the election law during a press briefing. Critics say the new tax bill could face a dozen legal challenges. The finance minister defended the trade agreement during a press briefing. The state governor defended the healthcare reform during a press briefing.,Politics
The coach credited the star forward for scoring two goals this season. Critics highlighted a top chart debut following the release of the debut album. Fans celebrated as the comedian was confirmed to headline the Broadway musical. Fans praised the veteran defender after the rookie team cruised to victory.,Sports
The airline warned investors about a wave of layoffs amid supply chain disruptions. The conglomerate warned investors about strong consumer demand amid supply chain disruptions. The newly elected senator called on the ruling coalition to reconsider the trade agreement. Critics say the trade agreement could face a dozen legal challenges.,Politics
Critics highlighted a viral social media moment following the release of the new film. Reports say the television host is finalizing the debut album after record ticket sales. Fans praised the star forward after the national squad dominated from start to finish. The rookie team dominated from start to finish in the qualifying round. The national squad will face tough opposition in the next the international friendly. Analysts expect the defending champions to reach the title decider this year. The coach credited the striker for scoring three goals this season.,Sports
Fans celebrated as the fashion designer announced plans for the debut album. The television host will appear in several new projects after the documentary. Analysts expect the rookie team to reach the season opener this year. The coach credited the young midfielder for scoring seven goals this season. Fans celebrated as the film director faced criticism over the awards ceremony. Fans praised the veteran defender after the visiting club secured a narrow win.,Entertainment
Investors reacted cautiously to higher fuel costs affecting the bank. The retailer attributed a major merger amid inflation. The board of the conglomerate met to discuss rising shares. Shares of the conglomerate moved after the firm cited increased competition.,Business
The state governor defended the trade agreement during a press briefing. The cabinet is expected to vote on the new tax bill next month. The board of the retailer met to discuss record quarterly revenue. The finance minister defended the immigration policy during a press briefing. The conglomerate reported a sharp drop in profits amid higher fuel costs. The newly elected senator met with a dozen foreign delegates to discuss the constitutional amendment. The national assembly is expected to vote on the trade agreement next month.,Politics
The league leaders will face tough opposition in the next the derby match. The visiting club will face tough opposition in the next the championship final. The debut album opened to a top chart debut this weekend. Injuries to the star forward could affect the league leaders ahead of the qualifying round. Fans praised the striker after the visiting club clinched a dramatic win. The coach credited the new signing for scoring a record five goals this season. Fans celebrated as the actor received widespread praise for the streaming series.,Sports
The logistics company announced strong consumer demand in its latest earnings report. Analysts say the robotics firm could see record quarterly earnings following the release of a new artificial intelligence model. Investors are watching the social media platform closely after a million downloads. The tech giant scaled up production of a cybersecurity tool this week. Analysts say the social media platform could see record quarterly earnings following the release of a cloud computing platform.,Technology
The airline plans to open several new locations despite supply chain disruptions. Analysts linked an unexpected loss at the airline to increased competition. Analysts linked strong consumer demand at the bank to supply chain disruptions. Investors are watching the tech giant closely after a surge in user growth. The airline attributed strong consumer demand amid higher fuel costs. The airline plans to open five new locations despite higher fuel costs. The bank plans to open two new locations despite a new trade agreement.,Business
Fans praised the new signing after the national squad edged out their rivals. Analysts expect the defending champions to reach the playoff series this year. The coach credited the new signing for scoring seven goals this season. The visiting club will face tough opposition in the next the qualifying round. The defending champions dominated from start to finish in the qualifying round. The league leaders will face tough opposition in the next the derby match. The star forward was the standout performer during the playoff series.,Sports
Investors reacted cautiously to a new trade agreement affecting the airline. Analysts say the social media platform could see a surge in user growth following the release of a next-generation processor. Engineers at the startup announced a cloud computing platform after a dozen months of testing. Engineers at the robotics firm announced a next-generation processor after two months of testing. Analysts say the tech giant could see record quarterly earnings following the release of a cybersecurity tool. Investors are watching the robotics firm closely after a million downloads. The cloud provider confirmed record quarterly earnings linked to a cloud computing platform.,Technology
Developers welcomed the chipmaker's decision to release a cloud computing platform. Analysts linked an unexpected loss at the retailer to rising interest rates. Engineers at the chipmaker announced an autonomous delivery drone after five months of testing. Developers welcomed the chipmaker's decision to release a new artificial intelligence model. The bank reported rising shares amid changing consumer habits. Developers welcomed the robotics firm's decision to release a cybersecurity tool. The social media platform confirmed significant delays linked to a machine learning framework.,Technology
The home side dominated from start to finish in the season opener. The veteran defender was the standout performer during the playoff series. The coach credited the star forward for scoring four goals this season. Reports say the television host is finalizing the new film after a top chart debut. The fashion designer faced criticism over the Broadway musical. The league leaders will face tough opposition in the next the international friendly.,Sports
Critics highlighted a viral social media moment following the release of the debut album. The national squad will face tough opposition in the next the title decider. The defending champions secured a narrow win in the playoff series. The underdogs secured a narrow win in the derby match. Fans praised the captain after the home side cruised to victory. The rookie team will face tough opposition in the next the playoff series.,Sports
Critics highlighted strong box office numbers following the release of the Broadway musical. The fashion designer will appear in several new projects after the world tour. The celebrity couple faced criticism over the debut album. Reports say the film director is finalizing the new film after a top chart debut. Fans celebrated as the fashion designer faced criticism over the streaming series. Fans celebrated as the pop star celebrated the success of the streaming series.,Entertainment
Fans celebrated as the celebrity couple was confirmed to headline the new film. Fans praised the goalkeeper after the home side edged out their rivals. Reports say the actor is finalizing the awards ceremony after record ticket sales. The new film opened to a sold-out premiere this weekend. The defending champions dominated from start to finish in the season opener. Reports say the television host is finalizing the world tour after a top chart debut.,Entertainment
The foreign secretary met with two foreign delegates to discuss the budget proposal. The president called on the ruling coalition to reconsider the budget proposal. Critics say the constitutional amendment could face two legal challenges. Critics say the budget proposal could face three legal challenges. The energy firm responded to a major merger amid higher fuel costs.,Politics
The pop star will appear in two new projects after the debut album. The visiting club will face tough opposition in the next the season opener. The goalkeeper was the standout performer during the qualifying round. Critics highlighted a viral social media moment following the release of the new film. The coach credited the striker for scoring a record five goals this season. The coach credited the star forward for scoring three goals this season. The underdogs clinched a dramatic win in the international friendly.,Sports
Shares of the bank moved after the firm cited increased competition. Protesters gathered outside the election commission to oppose the trade agreement. Protesters gathered outside the cabinet to oppose the budget proposal. Critics say the healthcare reform could face two legal challenges. The prime minister met with three foreign delegates to discuss the election law. The senate committee is expected to vote on the constitutional amendment next month.,Politics
Reports say the television host is finalizing the debut album after record ticket sales. Injuries to the young midfielder could affect the visiting club ahead of the international friendly. Critics highlighted a sold-out premiere following the release of the Broadway musical. The star forward was the standout performer during the title decider. Reports say the fashion designer is finalizing the awards ceremony after record ticket sales. Critics highlighted a top chart debut following the release of the documentary. The defending champions will face tough opposition in the next the championship final.,Sports
Investors are watching the chipmaker closely after record quarterly earnings. The board of the retailer met to discuss record quarterly revenue. Developers welcomed the robotics firm's decision to release an autonomous delivery drone. Analysts say the software company could see a million downloads following the release of an autonomous delivery drone.,Technology
Critics highlighted record ticket sales following the release of the world tour. Injuries to the goalkeeper could affect the visiting club ahead of the championship final. The coach credited the young midfielder for scoring a record five goals this season. The fashion designer faced criticism over the new film. The rookie team will face tough opposition in the next the playoff series.,Entertainment
Investors reacted cautiously to rising interest rates affecting the energy firm. Investors reacted cautiously to changing consumer habits affecting the bank. The chipmaker confirmed a million downloads linked to an autonomous delivery drone. The conglomerate reported record quarterly revenue amid supply chain disruptions. Investors reacted cautiously to inflation affecting the manufacturer.,Technology
Critics highlighted strong box office numbers following the release of the awards ceremony. The celebrity couple announced plans for the awards ceremony. Injuries to the veteran defender could affect the defending champions ahead of the qualifying round. The streaming series opened to a top chart debut this weekend. The debut album opened to strong box office numbers this weekend. Critics highlighted mixed reviews following the release of the debut album.,Entertainment
Fans celebrated as the pop star surprised fans with the new film. The coach credited the young midfielder for scoring two goals this season. The Broadway musical opened to strong box office numbers this weekend. Reports say the television host is finalizing the streaming series after mixed reviews. The new film opened to strong box office numbers this weekend. Reports say the fashion designer is finalizing the debut album after mixed reviews.,Entertainment
The startup confirmed significant delays linked to a cloud computing platform. The airline announced rising shares in its latest earnings report. Investors reacted cautiously to higher fuel costs affecting the manufacturer. Investors reacted cautiously to changing consumer habits affecting the logistics company.,Business
The parliament released a statement about the constitutional amendment this week. The airline announced an unexpected loss amid changing consumer habits. The state governor met with two foreign delegates to discuss the election law. Protesters gathered outside the cabinet to oppose the election law. The president called on the parliament to reconsider the trade agreement. The prime minister called on the regional council to reconsider the budget proposal. Critics say the new tax bill could face two legal challenges.,Politics
The league leaders dominated from start to finish in the title decider. The league leaders will face tough opposition in the next the championship final. Critics highlighted a top chart debut following the release of the awards ceremony. The defending champions edged out their rivals in the international friendly. The film director was confirmed to headline the world tour.,Sports
Analysts expect the defending champions to reach the playoff series this year. The league leaders came from behind to triumph in the championship final. The coach credited the veteran defender for scoring three goals this season. The underdogs will face tough opposition in the next the playoff series. The new signing was the standout performer during the qualifying round.,Sports
Shares of the retailer moved after the firm cited supply chain disruptions. Analysts linked rising shares at the airline to increased competition. Investors reacted cautiously to inflation affecting the energy firm. The airline revised forecasts because of strong consumer demand amid inflation. Engineers at the cloud provider announced a machine learning framework after three months of testing. The manufacturer plans to open three new locations despite inflation. Shares of the retailer moved after the firm cited inflation.,Business
Critics highlighted a viral social media moment following the release of the Broadway musical. Analysts expect the underdogs to reach the playoff series this year. The rookie team cruised to victory in the derby match. The Broadway musical opened to record ticket sales this weekend. The young midfielder was the standout performer during the championship final.,Sports
A cybersecurity tool from the chipmaker reported a surge in user growth. The logistics company announced an unexpected loss in its latest earnings report. Shares of the logistics company moved after the firm cited inflation. Shares of the airline moved after the firm cited a new trade agreement. Analysts linked a major merger at the conglomerate to a new trade agreement. The board of the bank met to discuss rising shares. The bank announced strong consumer demand in its latest earnings report.,Business
The underdogs edged out their rivals in the derby match. Analysts expect the home side to reach the international friendly this year. Analysts expect the league leaders to reach the playoff series this year. The streaming series opened to record ticket sales this weekend.,Entertainment
The home side will face tough opposition in the next the playoff series. Injuries to the new signing could affect the underdogs ahead of the derby match. The coach credited the veteran defender for scoring three goals this season. Analysts expect the rookie team to reach the international friendly this year.,Sports
Critics highlighted record ticket sales following the release of the awards ceremony. Reports say the pop star is finalizing the awards ceremony after a sold-out premiere. The actor received widespread praise for the streaming series. The national squad secured a narrow win in the international friendly. The coach credited the goalkeeper for scoring seven goals this season.,Entertainment
The defending champions edged out their rivals in the season opener. Injuries to the star forward could affect the national squad ahead of the championship final. Fans celebrated as the pop star surprised fans with the world tour. Injuries to the goalkeeper could affect the league leaders ahead of the international friendly. The coach credited the star forward for scoring seven goals this season. The debut album broke records with mixed reviews.,Sports
The social media platform confirmed record quarterly earnings linked to a machine learning framework. Investors are watching the social media platform closely after a million downloads. Engineers at the social media platform announced an autonomous delivery drone after three months of testing. Analysts say the cloud provider could see strong developer interest following the release of a cybersecurity tool. A next-generation processor from the software company reported a surge in user growth.,Technology
Investors are watching the tech giant closely after strong developer interest. Developers welcomed the cloud provider's decision to release an autonomous delivery drone. The software company confirmed record quarterly earnings linked to a cybersecurity tool. The board of the energy firm met to discuss strong consumer demand. The board of the logistics company met to discuss a major merger. Developers welcomed the robotics firm's decision to release a cloud computing platform. Shares of the manufacturer moved after the firm cited rising interest rates.,Technology
The national squad dominated from start to finish in the derby match. Injuries to the captain could affect the national squad ahead of the season opener. Analysts expect the underdogs to reach the derby match this year. The world tour opened to mixed reviews this weekend. The documentary opened to strong box office numbers this weekend. Analysts expect the rookie team to reach the playoff series this year. The coach credited the striker for scoring four goals this season.,Sports
Investors reacted cautiously to supply chain disruptions affecting the airline. Analysts say the cloud provider could see a security breach following the release of a machine learning framework. Shares of the logistics company moved after the firm cited changing consumer habits. The conglomerate announced an unexpected loss in its latest earnings report. Investors are watching the software company closely after a security breach. The retailer reported record quarterly revenue amid supply chain disruptions. Investors reacted cautiously to supply chain disruptions affecting the logistics company.,Business
The board of the energy firm met to discuss strong consumer demand. The conglomerate announced a wave of layoffs in its latest earnings report. A machine learning framework from the tech giant reported record quarterly earnings. The software company confirmed record quarterly earnings linked to a next-generation processor. The bank announced a major merger amid higher fuel costs. Analysts linked rising shares at the retailer to inflation. The software company confirmed a security breach linked to a new artificial intelligence model.,Technology
The young midfielder was the standout performer during the championship final. Fans praised the goalkeeper after the underdogs edged out their rivals. Injuries to the striker could affect the visiting club ahead of the playoff series. Injuries to the striker could affect the visiting club ahead of the international friendly.,Sports
The goalkeeper was the standout performer during the playoff series. The rookie team cruised to victory in the playoff series. The Broadway musical opened to strong box office numbers this weekend. Reports say the television host is finalizing the world tour after a sold-out premiere. The documentary broke records with a viral social media moment.,Entertainment
Investors are watching the software company closely after a security breach. Investors reacted cautiously to a new trade agreement affecting the retailer. The energy firm reported a wave of layoffs amid rising interest rates. The startup began testing a machine learning framework this week.,Business
The board of the airline met to discuss an unexpected loss. Analysts say the cloud provider could see record quarterly earnings following the release of a new artificial intelligence model. The board of the logistics company met to discuss a wave of layoffs. Analysts linked record quarterly revenue at the manufacturer to higher fuel costs. The board of the retailer met to discuss a wave of layoffs.,Business
The manufacturer announced rising shares in its latest earnings report. The bank responded to a wave of layoffs amid rising interest rates. Critics say the constitutional amendment could face five legal challenges. Investors reacted cautiously to changing consumer habits affecting the logistics company. The prime minister called on the senate committee to reconsider the immigration policy. The state governor met with three foreign delegates to discuss the trade agreement. The energy firm plans to open three new locations despite supply chain disruptions.,Politics
The new film broke records with record ticket sales. The world tour opened to strong box office numbers this weekend. Reports say the comedian is finalizing the world tour after a viral social media moment. The new signing was the standout performer during the season opener. The television host surprised fans with the debut album. The home side will face tough opposition in the next the season opener.,Entertainment
Shares of the retailer moved after the firm cited higher fuel costs. The chipmaker confirmed strong developer interest linked to a cloud computing platform. Investors are watching the tech giant closely after significant delays. The tech giant recalled a flagship smartphone this week. Engineers at the software company announced a next-generation processor after five months of testing.,Technology
Analysts linked an unexpected loss at the manufacturer to supply chain disruptions. A machine learning framework from the startup reported a million downloads. The logistics company plans to open five new locations despite rising interest rates. The robotics firm confirmed a million downloads linked to a flagship smartphone. Engineers at the chipmaker announced a new artificial intelligence model after several months of testing.,Technology
Engineers at the cloud provider announced a flagship smartphone after a dozen months of testing. The board of the logistics company met to discuss a sharp drop in profits. Developers welcomed the cloud provider's decision to release a next-generation processor. Investors are watching the robotics firm closely after a security breach. A flagship smartphone from the chipmaker reported a million downloads.,Technology
Investors reacted cautiously to a new trade agreement affecting the logistics company. Investors reacted cautiously to a new trade agreement affecting the energy firm. A cybersecurity tool from the chipmaker reported a million downloads. Investors reacted cautiously to rising interest rates affecting the bank. The manufacturer reported an unexpected loss amid higher fuel costs. Investors are watching the chipmaker closely after a security breach. The bank plans to open two new locations despite changing consumer habits.,Business
A flagship smartphone from the tech giant reported a million downloads. The bank plans to open several new locations despite increased competition. Analysts say the social media platform could see a security breach following the release of a machine learning framework. Engineers at the robotics firm announced a cybersecurity tool after two months of testing. The startup open-sourced an autonomous delivery drone this week.,Technology
Fans praised the striker after the rookie team came from behind to triumph. Fans praised the new signing after the underdogs secured a narrow win. Injuries to the young midfielder could affect the league leaders ahead of the international friendly. The rookie team came from behind to triumph in the international friendly. Fans celebrated as the fashion designer announced plans for the documentary. Fans praised the striker after the league leaders clinched a dramatic win. The visiting club will face tough opposition in the next the title decider.,Sports
Critics highlighted record ticket sales following the release of the world tour. The debut album opened to a top chart debut this weekend. The coach credited the star forward for scoring four goals this season. The awards ceremony broke records with a top chart debut. Fans celebrated as the actor faced criticism over the world tour.,Entertainment
The defending champions will face tough opposition in the next the derby match. The coach credited the new signing for scoring three goals this season. Injuries to the goalkeeper could affect the defending champions ahead of the title decider. Fans praised the star forward after the league leaders secured a narrow win.,Entertainment
The conglomerate attributed an unexpected loss amid rising interest rates. Analysts linked an unexpected loss at the logistics company to rising interest rates. The bank reported a major merger amid rising interest rates. Shares of the manufacturer moved after the firm cited increased competition. The bank announced record quarterly revenue amid higher fuel costs. Shares of the retailer moved after the firm cited changing consumer habits.,Business
Fans celebrated as the actor was confirmed to headline the documentary. Fans celebrated as the film director was confirmed to headline the documentary. The celebrity couple received widespread praise for the world tour. Fans celebrated as the comedian faced criticism over the awards ceremony. The Broadway musical opened to mixed reviews this weekend. The film director will appear in two new projects after the awards ceremony. The goalkeeper was the standout performer during the title decider.,Entertainment
Engineers at the robotics firm announced a next-generation processor after five months of testing. Analysts say the software company could see strong developer interest following the release of a machine learning framework. Investors are watching the startup closely after significant delays. Developers welcomed the robotics firm's decision to release a cloud computing platform. The social media platform confirmed significant delays linked to an autonomous delivery drone.,Technology
The streaming series broke records with a viral social media moment. The visiting club came from behind to triumph in the playoff series. The visiting club cruised to victory in the international friendly. The awards ceremony opened to strong box office numbers this weekend. Fans praised the goalkeeper after the defending champions clinched a dramatic win. The coach credited the captain for scoring a record five goals this season.,Sports
Developers welcomed the software company's decision to release a cloud computing platform. The cloud provider confirmed a security breach linked to a cybersecurity tool. The manufacturer announced strong consumer demand in its latest earnings report. The tech giant patched a critical flaw in a machine learning framework this week. The cloud provider scaled up production of a machine learning framework this week.,Technology
Reports say the comedian is finalizing the Broadway musical after record ticket sales. The comedian announced plans for the documentary. The coach credited the young midfielder for scoring two goals this season. Fans celebrated as the pop star celebrated the success of the new film. Analysts expect the defending champions to reach the derby match this year. The celebrity couple announced plans for the awards ceremony.,Entertainment
The captain was the standout performer during the title decider. Injuries to the young midfielder could affect the home side ahead of the season opener. The underdogs will face tough opposition in the next the season opener. The new signing was the standout performer during the playoff series.,Sports
Investors reacted cautiously to rising interest rates affecting the bank. Shares of the energy firm moved after the firm cited increased competition. The conglomerate announced an unexpected loss in its latest earnings report. The senate committee released a statement about the healthcare reform this week.,Politics
The chipmaker patched a critical flaw in a machine learning framework this week. The tech giant released a major update to a next-generation processor this week. The manufacturer announced strong consumer demand amid changing consumer habits. Investors are watching the startup closely after a million downloads. A machine learning framework from the software company reported strong developer interest. The social media platform confirmed record quarterly earnings linked to a next-generation processor. A flagship smartphone from the cloud provider reported strong developer interest.,Technology
The cloud provider began testing a next-generation processor this week. Developers welcomed the tech giant's decision to release a machine learning framework. Analysts say the cloud provider could see a surge in user growth following the release of a machine learning framework. Analysts say the tech giant could see a million downloads following the release of a machine learning framework. A cybersecurity tool from the cloud provider reported significant delays.,Technology
Analysts linked a major merger at the airline to increased competition. The bank announced a sharp drop in profits in its latest earnings report. The manufacturer plans to open five new locations despite increased competition. Investors reacted cautiously to a new trade agreement affecting the logistics company. The conglomerate announced a major merger in its latest earnings report.,Business
The conglomerate responded to a wave of layoffs amid inflation. A flagship smartphone from the tech giant reported a security breach. The airline announced rising shares amid a new trade agreement. The board of the bank met to discuss a major merger. Developers welcomed the robotics firm's decision to release a next-generation processor. Analysts linked record quarterly revenue at the retailer to higher fuel costs. Shares of the conglomerate moved after the firm cited supply chain disruptions.,Business
The coach credited the new signing for scoring four goals this season. The coach credited the goalkeeper for scoring three goals this season. The television host will appear in several new projects after the Broadway musical. The goalkeeper was the standout performer during the international friendly. The star forward was the standout performer during the playoff series. Fans praised the striker after the league leaders cruised to victory.,Sports
Analysts say the startup could see a million downloads following the release of a cloud computing platform. Shares of the logistics company moved after the firm cited inflation. The board of the logistics company met to discuss an unexpected loss. Investors reacted cautiously to higher fuel costs affecting the energy firm. The energy firm announced strong consumer demand in its latest earnings report. The energy firm plans to open five new locations despite rising interest rates. The airline announced a sharp drop in profits in its latest earnings report.,Business
The striker was the standout performer during the international friendly. Critics highlighted record ticket sales following the release of the documentary. Fans praised the captain after the home side secured a narrow win. The league leaders will face tough opposition in the next the derby match. The new film opened to mixed reviews this weekend. The celebrity couple will appear in five new projects after the awards ceremony. Reports say the film director is finalizing the world tour after a top chart debut.,Entertainment
Reports say the comedian is finalizing the debut album after record ticket sales. Reports say the film director is finalizing the Broadway musical after a viral social media moment. Critics highlighted record ticket sales following the release of the awards ceremony. The new film broke records with a top chart debut.,Entertainment
The coach credited the veteran defender for scoring seven goals this season. The celebrity couple faced criticism over the Broadway musical. The coach credited the veteran defender for scoring three goals this season. The new signing was the standout performer during the playoff series.,Sports
Analysts say the chipmaker could see strong developer interest following the release of a flagship smartphone. A cloud computing platform from the social media platform reported strong developer interest. The board of the conglomerate met to discuss a major merger. Shares of the logistics company moved after the firm cited inflation. The social media platform confirmed record quarterly earnings linked to a machine learning framework. The energy firm announced a sharp drop in profits in its latest earnings report.,Business
Injuries to the young midfielder could affect the league leaders ahead of the playoff series. The coach credited the striker for scoring four goals this season. The coach credited the star forward for scoring three goals this season. Reports say the pop star is finalizing the world tour after strong box office numbers. The coach credited the young midfielder for scoring a record five goals this season.,Sports
The manufacturer plans to open five new locations despite higher fuel costs. The finance minister defended the new tax bill during a press briefing. The opposition leader called on the senate committee to reconsider the healthcare reform. Protesters gathered outside the parliament to oppose the election law. The retailer plans to open several new locations despite changing consumer habits.,Politics
The visiting club came from behind to triumph in the playoff series. Critics highlighted a top chart debut following the release of the world tour. The television host will appear in a dozen new projects after the streaming series. The coach credited the veteran defender for scoring three goals this season.,Entertainment
Analysts linked a sharp drop in profits at the retailer to rising interest rates. Engineers at the robotics firm announced a cloud computing platform after three months of testing. Developers welcomed the social media platform's decision to release a machine learning framework. Investors are watching the startup closely after a surge in user growth. The manufacturer warned investors about record quarterly revenue amid a new trade agreement.,Technology
The board of the energy firm met to discuss rising shares. Investors are watching the chipmaker closely after a surge in user growth. The tech giant open-sourced a cybersecurity tool this week. The energy firm announced a wave of layoffs in its latest earnings report. Investors are watching the startup closely after a security breach. Analysts say the tech giant could see significant delays following the release of an autonomous delivery drone.,Technology
The regional council is expected to vote on the election law next month. The manufacturer announced strong consumer demand amid supply chain disruptions. The retailer plans to open three new locations despite supply chain disruptions. The manufacturer announced strong consumer demand in its latest earnings report. Protesters gathered outside the national assembly to oppose the constitutional amendment.,Politics
The debut album opened to a viral social media moment this weekend. The world tour broke records with a sold-out premiere. Fans praised the young midfielder after the national squad edged out their rivals. Reports say the actor is finalizing the Broadway musical after strong box office numbers. Critics highlighted strong box office numbers following the release of the world tour. Fans celebrated as the actor surprised fans with the Broadway musical. The striker was the standout performer during the title decider.,Entertainment
The board of the bank met to discuss a major merger. Investors reacted cautiously to rising interest rates affecting the manufacturer. Investors reacted cautiously to rising interest rates affecting the retailer. Shares of the energy firm moved after the firm cited rising interest rates. A cybersecurity tool from the startup reported a surge in user growth.,Business
The bank plans to open two new locations despite supply chain disruptions. The state governor met with five foreign delegates to discuss the immigration policy. The senate committee debated for hours before approving the budget proposal this week. Critics say the trade agreement could face five legal challenges. The foreign secretary met with three foreign delegates to discuss the constitutional amendment.,Politics
The awards ceremony broke records with a top chart debut. The national squad edged out their rivals in the season opener. Fans celebrated as the film director faced criticism over the documentary. The rookie team clinched a dramatic win in the championship final. Critics highlighted a top chart debut following the release of the documentary.,Entertainment
The ruling coalition held emergency talks over the constitutional amendment this week. Protesters gathered outside the election commission to oppose the election law. Analysts linked rising shares at the energy firm to a new trade agreement. Critics say the immigration policy could face five legal challenges. Protesters gathered outside the senate committee to oppose the new tax bill.,Politics
A next-generation processor from the tech giant reported a surge in user growth. Analysts say the social media platform could see strong developer interest following the release of an autonomous delivery drone. The software company confirmed a security breach linked to a machine learning framework. The board of the manufacturer met to discuss a wave of layoffs.,Entertainment
The underdogs will face tough opposition in the next the qualifying round. The national squad cruised to victory in the title decider. Critics highlighted a top chart debut following the release of the streaming series. The league leaders will face tough opposition in the next the title decider. The league leaders will face tough opposition in the next the title decider.,Sports
The state governor met with three foreign delegates to discuss the trade agreement. Shares of the airline moved after the firm cited supply chain disruptions. The ruling coalition is expected to vote on the trade agreement next month. The state governor defended the immigration policy during a press briefing.,Politics
The state governor met with two foreign delegates to discuss the new tax bill. The logistics company plans to open three new locations despite supply chain disruptions. Analysts linked rising shares at the conglomerate to inflation. The election commission is expected to vote on the election law next month. The national assembly is expected to vote on the budget proposal next month. Investors reacted cautiously to changing consumer habits affecting the logistics company. Protesters gathered outside the senate committee to oppose the trade agreement.,Politics
A cybersecurity tool from the chipmaker reported record quarterly earnings. The conglomerate plans to open a dozen new locations despite changing consumer habits. A cybersecurity tool from the social media platform reported strong developer interest. Developers welcomed the robotics firm's decision to release a cybersecurity tool. The board of the conglomerate met to discuss strong consumer demand. Analysts linked a wave of layoffs at the manufacturer to a new trade agreement. Investors reacted cautiously to changing consumer habits affecting the bank.,Business
The newly elected senator called on the election commission to reconsider the constitutional amendment. Analysts linked record quarterly revenue at the retailer to inflation. The state governor met with several foreign delegates to discuss the constitutional amendment. Critics say the constitutional amendment could face several legal challenges. The election commission is expected to vote on the budget proposal next month.,Politics
The coach credited the captain for scoring two goals this season. Fans celebrated as the pop star celebrated the success of the awards ceremony. The coach credited the star forward for scoring four goals this season. The documentary opened to strong box office numbers this weekend. Fans celebrated as the film director faced criticism over the new film. Injuries to the goalkeeper could affect the visiting club ahead of the international friendly. The home side will face tough opposition in the next the qualifying round.,Sports
Reports say the celebrity couple is finalizing the debut album after strong box office numbers. The new film broke records with a top chart debut. The streaming series opened to a viral social media moment this weekend. The actor celebrated the success of the documentary. Reports say the television host is finalizing the documentary after mixed reviews. The coach credited the striker for scoring three goals this season.,Entertainment
Analysts linked a major merger at the manufacturer to a new trade agreement. The retailer warned investors about record quarterly revenue amid increased competition. The board of the retailer met to discuss strong consumer demand. The airline plans to open five new locations despite supply chain disruptions. Investors reacted cautiously to a new trade agreement affecting the airline.,Business
The board of the logistics company met to discuss record quarterly revenue. The newly elected senator defended the trade agreement during a press briefing. The board of the retailer met to discuss a major merger. The foreign secretary called on the parliament to reconsider the immigration policy. Protesters gathered outside the election commission to oppose the constitutional amendment. The ruling coalition postponed a decision on the constitutional amendment this week. Protesters gathered outside the parliament to oppose the new tax bill.,Politics
Investors are watching the software company closely after a million downloads. Investors reacted cautiously to higher fuel costs affecting the airline. Engineers at the chipmaker announced an autonomous delivery drone after two months of testing. The board of the bank met to discuss a wave of layoffs. Analysts linked record quarterly revenue at the bank to a new trade agreement.,Business
Investors reacted cautiously to changing consumer habits affecting the energy firm. Analysts linked a wave of layoffs at the manufacturer to higher fuel costs. The conglomerate plans to open five new locations despite changing consumer habits. Shares of the bank moved after the firm cited a new trade agreement. Analysts linked a major merger at the retailer to changing consumer habits. The logistics company attributed record quarterly revenue amid changing consumer habits.,Business
The finance minister met with several foreign delegates to discuss the budget proposal. The board of the retailer met to discuss a major merger. Protesters gathered outside the cabinet to oppose the constitutional amendment. The prime minister called on the ruling coalition to reconsider the constitutional amendment. The parliament is expected to vote on the immigration policy next month. The president called on the ruling coalition to reconsider the trade agreement.,Politics
Critics highlighted a viral social media moment following the release of the awards ceremony. The striker was the standout performer during the international friendly. The celebrity couple will appear in five new projects after the streaming series. The pop star received widespread praise for the new film.,Entertainment
Analysts linked a major merger at the manufacturer to supply chain disruptions. The manufacturer plans to open two new locations despite a new trade agreement. Analysts linked rising shares at the energy firm to supply chain disruptions. Analysts say the robotics firm could see record quarterly earnings following the release of a next-generation processor. Investors reacted cautiously to rising interest rates affecting the logistics company. The cloud provider unveiled a next-generation processor this week.,Business
The election commission released a statement about the election law this week. Protesters gathered outside the regional council to oppose the constitutional amendment. The finance minister called on the national assembly to reconsider the healthcare reform. Critics say the budget proposal could face several legal challenges. The finance minister defended the constitutional amendment during a press briefing. The bank plans to open three new locations despite inflation. Critics say the constitutional amendment could face five legal challenges.,Politics
The robotics firm confirmed a security breach linked to a next-generation processor. Developers welcomed the robotics firm's decision to release a flagship smartphone. The chipmaker confirmed significant delays linked to a machine learning framework. Investors reacted cautiously to changing consumer habits affecting the manufacturer. The startup open-sourced a cybersecurity tool this week. The software company open-sourced a flagship smartphone this week.,Technology
The cabinet is expected to vote on the election law next month. The airline announced a wave of layoffs in its latest earnings report. The senate committee is expected to vote on the healthcare reform next month. The energy firm announced record quarterly revenue in its latest earnings report.,Politics
The energy firm plans to open three new locations despite changing consumer habits. The board of the airline met to discuss strong consumer demand. The tech giant confirmed a security breach linked to a machine learning framework. Developers welcomed the tech giant's decision to release a cloud computing platform. Engineers at the robotics firm announced an autonomous delivery drone after a dozen months of testing. Analysts say the cloud provider could see significant delays following the release of a cloud computing platform. The tech giant scaled up production of a new artificial intelligence model this week.,Technology
Developers welcomed the tech giant's decision to release a cloud computing platform. Developers welcomed the tech giant's decision to release a cloud computing platform. The bank plans to open three new locations despite inflation. Investors reacted cautiously to increased competition affecting the retailer.,Technology
Investors are watching the software company closely after significant delays. Analysts linked a sharp drop in profits at the energy firm to inflation. A new artificial intelligence model from the robotics firm reported strong developer interest. Shares of the airline moved after the firm cited supply chain disruptions. Analysts linked a sharp drop in profits at the airline to increased competition. Engineers at the robotics firm announced an autonomous delivery drone after five months of testing. The chipmaker confirmed record quarterly earnings linked to a next-generation processor.,Technology
Critics say the healthcare reform could face two legal challenges. Critics say the immigration policy could face three legal challenges. Protesters gathered outside the ruling coalition to oppose the healthcare reform. The newly elected senator met with five foreign delegates to discuss the immigration policy. The conglomerate plans to open five new locations despite inflation. Protesters gathered outside the ruling coalition to oppose the healthcare reform.,Politics
The finance minister defended the healthcare reform during a press briefing. Investors reacted cautiously to a new trade agreement affecting the retailer. The foreign secretary defended the constitutional amendment during a press briefing. The finance minister met with three foreign delegates to discuss the new tax bill. The president called on the national assembly to reconsider the election law. The newly elected senator met with a dozen foreign delegates to discuss the healthcare reform. The national assembly held emergency talks over the constitutional amendment this week.,Politics
Investors reacted cautiously to rising interest rates affecting the energy firm. The conglomerate reported a sharp drop in profits amid changing consumer habits. The board of the logistics company met to discuss a wave of layoffs. Investors reacted cautiously to supply chain disruptions affecting the airline. Analysts say the robotics firm could see significant delays following the release of a next-generation processor. The retailer announced a wave of layoffs in its latest earnings report.,Business
Fans praised the veteran defender after the rookie team dominated from start to finish. Reports say the fashion designer is finalizing the debut album after mixed reviews. The veteran defender was the standout performer during the season opener. Fans praised the veteran defender after the home side edged out their rivals. The underdogs clinched a dramatic win in the season opener.,Entertainment
Shares of the retailer moved after the firm cited supply chain disruptions. Analysts linked record quarterly revenue at the conglomerate to increased competition. A flagship smartphone from the startup reported record quarterly earnings. Developers welcomed the robotics firm's decision to release an autonomous delivery drone. Investors reacted cautiously to changing consumer habits affecting the bank.,Technology
The visiting club edged out their rivals in the international friendly. Critics highlighted mixed reviews following the release of the awards ceremony. The comedian will appear in several new projects after the debut album. The documentary broke records with a top chart debut.,Entertainment
The board of the airline met to discuss a wave of layoffs. The board of the retailer met to discuss strong consumer demand. Analysts linked strong consumer demand at the retailer to changing consumer habits. Shares of the conglomerate moved after the firm cited inflation. The energy firm revised forecasts because of strong consumer demand amid supply chain disruptions. Shares of the energy firm moved after the firm cited supply chain disruptions. Investors reacted cautiously to inflation affecting the energy firm.,Business
Developers welcomed the robotics firm's decision to release an autonomous delivery drone. The manufacturer warned investors about a wave of layoffs amid rising interest rates. A machine learning framework from the robotics firm reported a surge in user growth. Investors are watching the robotics firm closely after strong developer interest. Shares of the logistics company moved after the firm cited inflation. Engineers at the robotics firm announced a machine learning framework after a dozen months of testing. The startup unveiled a new artificial intelligence model this week.,Technology
Investors reacted cautiously to supply chain disruptions affecting the airline. The energy firm plans to open a dozen new locations despite higher fuel costs. The social media platform scaled up production of a flagship smartphone this week. Investors are watching the cloud provider closely after a security breach. The conglomerate announced a sharp drop in profits in its latest earnings report. The board of the retailer met to discuss a major merger.,Business
The goalkeeper was the standout performer during the international friendly. The coach credited the captain for scoring a record five goals this season. Fans celebrated as the actor announced plans for the streaming series. The rookie team will face tough opposition in the next the title decider.,Sports
Reports say the fashion designer is finalizing the world tour after mixed reviews. The actor surprised fans with the debut album. The new film broke records with record ticket sales. Fans celebrated as the pop star celebrated the success of the awards ceremony. Fans celebrated as the fashion designer celebrated the success of the documentary. Fans celebrated as the comedian faced criticism over the documentary. Critics highlighted record ticket sales following the release of the Broadway musical.,Entertainment
The comedian surprised fans with the new film. The pop star faced criticism over the awards ceremony. Reports say the celebrity couple is finalizing the awards ceremony after a top chart debut. Fans praised the veteran defender after the visiting club dominated from start to finish.,Entertainment
Analysts linked a major merger at the bank to supply chain disruptions. The energy firm revised forecasts because of a wave of layoffs amid rising interest rates. The board of the logistics company met to discuss a sharp drop in profits. A flagship smartphone from the cloud provider reported record quarterly earnings. The cloud provider open-sourced a next-generation processor this week.,Technology
The board of the energy firm met to discuss an unexpected loss. The opposition leader met with five foreign delegates to discuss the election law. The retailer plans to open a dozen new locations despite changing consumer habits. The election commission is expected to vote on the new tax bill next month.,Politics
The cabinet faced criticism over the healthcare reform this week. The ruling coalition debated for hours before approving the constitutional amendment this week. The board of the airline met to discuss a major merger. The cabinet is expected to vote on the immigration policy next month.,Politics
The cabinet is expected to vote on the immigration policy next month. Critics say the election law could face a dozen legal challenges. Shares of the retailer moved after the firm cited a new trade agreement. The finance minister met with several foreign delegates to discuss the trade agreement. The state governor defended the new tax bill during a press briefing.,Politics
The conglomerate reported rising shares amid a new trade agreement. Shares of the logistics company moved after the firm cited inflation. The logistics company plans to open a dozen new locations despite higher fuel costs. The airline plans to open a dozen new locations despite increased competition.,Business
The new film opened to a sold-out premiere this weekend. Fans praised the star forward after the national squad edged out their rivals. The coach credited the veteran defender for scoring four goals this season. The debut album broke records with mixed reviews. Analysts expect the home side to reach the title decider this year. Fans praised the new signing after the home side cruised to victory. The league leaders will face tough opposition in the next the season opener.,Sports
Shares of the bank moved after the firm cited a new trade agreement. Shares of the energy firm moved after the firm cited inflation. Analysts say the social media platform could see significant delays following the release of a cybersecurity tool. The board of the logistics company met to discuss a sharp drop in profits. The startup unveiled a next-generation processor this week. Investors reacted cautiously to a new trade agreement affecting the retailer. The conglomerate announced a wave of layoffs in its latest earnings report.,Business
Investors reacted cautiously to a new trade agreement affecting the energy firm. Engineers at the software company announced an autonomous delivery drone after several months of testing. Analysts linked a sharp drop in profits at the retailer to a new trade agreement. The bank responded to strong consumer demand amid inflation. Investors are watching the startup closely after a surge in user growth. Analysts linked a sharp drop in profits at the retailer to supply chain disruptions.,Business
Investors are watching the software company closely after a surge in user growth. Engineers at the tech giant announced a cloud computing platform after five months of testing. The tech giant patched a critical flaw in a machine learning framework this week. The retailer revised forecasts because of strong consumer demand amid changing consumer habits. The conglomerate responded to a wave of layoffs amid a new trade agreement. The airline plans to open several new locations despite a new trade agreement. The cloud provider confirmed a surge in user growth linked to a new artificial intelligence model.,Business
Protesters gathered outside the cabinet to oppose the healthcare reform. Critics say the election law could face five legal challenges. The newly elected senator defended the election law during a press briefing. The manufacturer responded to strong consumer demand amid inflation. The finance minister met with two foreign delegates to discuss the budget proposal.,Politics
Analysts expect the league leaders to reach the season opener this year. The fashion designer will appear in five new projects after the streaming series. Reports say the television host is finalizing the new film after a viral social media moment. The awards ceremony opened to mixed reviews this weekend.,Entertainment
The home side will face tough opposition in the next the championship final. Fans celebrated as the film director announced plans for the streaming series. Injuries to the veteran defender could affect the visiting club ahead of the title decider. The celebrity couple faced criticism over the new film. Fans praised the new signing after the underdogs secured a narrow win.,Entertainment
The prime minister defended the budget proposal during a press briefing. The finance minister defended the healthcare reform during a press briefing. The bank plans to open two new locations despite inflation. The president called on the cabinet to reconsider the constitutional amendment. The board of the conglomerate met to discuss a wave of layoffs.,Politics
The actor faced criticism over the world tour. Critics highlighted strong box office numbers following the release of the debut album. The new signing was the standout performer during the international friendly. The new film opened to a viral social media moment this weekend.,Entertainment
The energy firm announced a wave of layoffs in its latest earnings report. Investors reacted cautiously to changing consumer habits affecting the conglomerate. The board of the conglomerate met to discuss rising shares. Shares of the airline moved after the firm cited inflation.,Business
Analysts linked a sharp drop in profits at the manufacturer to a new trade agreement. The board of the manufacturer met to discuss an unexpected loss. The manufacturer plans to open five new locations despite a new trade agreement. The conglomerate announced record quarterly revenue in its latest earnings report. The board of the conglomerate met to discuss a major merger.,Business
The film director will appear in two new projects after the awards ceremony. The goalkeeper was the standout performer during the season opener. The captain was the standout performer during the title decider. The defending champions cruised to victory in the championship final. The coach credited the young midfielder for scoring two goals this season. The coach credited the striker for scoring a record five goals this season. Fans celebrated as the fashion designer faced criticism over the documentary.,Sports
Engineers at the startup announced a next-generation processor after five months of testing. The board of the energy firm met to discuss a sharp drop in profits. Investors reacted cautiously to supply chain disruptions affecting the retailer. Analysts linked strong consumer demand at the manufacturer to a new trade agreement. The logistics company announced an unexpected loss amid supply chain disruptions.,Business
The streaming series opened to a viral social media moment this weekend. The home side will face tough opposition in the next the championship final. The underdogs will face tough opposition in the next the playoff series. The celebrity couple will appear in three new projects after the debut album. The underdogs came from behind to triumph in the qualifying round. The goalkeeper was the standout performer during the international friendly.,Sports
The logistics company plans to open three new locations despite rising interest rates. Investors are watching the chipmaker closely after a security breach. Developers welcomed the startup's decision to release a cloud computing platform. A cloud computing platform from the startup reported strong developer interest. Analysts say the chipmaker could see a million downloads following the release of an autonomous delivery drone.,Technology
Reports say the comedian is finalizing the documentary after a viral social media moment. The awards ceremony broke records with mixed reviews. Fans celebrated as the fashion designer surprised fans with the streaming series. The rookie team will face tough opposition in the next the qualifying round. The captain was the standout performer during the international friendly.,Entertainment
Investors are watching the software company closely after a million downloads. The chipmaker confirmed a security breach linked to a new artificial intelligence model. Investors are watching the robotics firm closely after a million downloads. Analysts say the startup could see a million downloads following the release of a new artificial intelligence model. The manufacturer revised forecasts because of rising shares amid supply chain disruptions.,Technology
Analysts linked a wave of layoffs at the manufacturer to changing consumer habits. A cloud computing platform from the chipmaker reported strong developer interest. Analysts linked a wave of layoffs at the airline to higher fuel costs. The conglomerate announced record quarterly revenue amid changing consumer habits.,Business
The bank plans to open two new locations despite rising interest rates. Engineers at the robotics firm announced a cloud computing platform after a dozen months of testing. Analysts linked record quarterly revenue at the manufacturer to higher fuel costs. The tech giant confirmed record quarterly earnings linked to a machine learning framework.,Business
Developers welcomed the software company's decision to release a flagship smartphone. The board of the conglomerate met to discuss a sharp drop in profits. The airline plans to open several new locations despite supply chain disruptions. Analysts linked an unexpected loss at the bank to higher fuel costs. A cloud computing platform from the cloud provider reported a million downloads.,Technology
The young midfielder was the standout performer during the derby match. The underdogs dominated from start to finish in the international friendly. The world tour broke records with record ticket sales. Reports say the actor is finalizing the debut album after record ticket sales. The visiting club will face tough opposition in the next the derby match. Analysts expect the home side to reach the playoff series this year. Injuries to the goalkeeper could affect the league leaders ahead of the season opener.,Sports
The board of the airline met to discuss record quarterly revenue. The airline plans to open three new locations despite supply chain disruptions. The retailer plans to open a dozen new locations despite changing consumer habits. Engineers at the cloud provider announced a flagship smartphone after several months of testing. The airline announced rising shares amid inflation.,Business
The finance minister met with several foreign delegates to discuss the trade agreement. Protesters gathered outside the election commission to oppose the election law. The cabinet held emergency talks over the trade agreement this week. Protesters gathered outside the regional council to oppose the new tax bill. Protesters gathered outside the election commission to oppose the immigration policy.,Politics
The tech giant confirmed strong developer interest linked to a cloud computing platform. Analysts linked rising shares at the airline to inflation. Analysts say the cloud provider could see a security breach following the release of a machine learning framework. Investors are watching the social media platform closely after a security breach.,Technology
The new film opened to a top chart debut this weekend. Fans celebrated as the pop star announced plans for the debut album. The actor will appear in three new projects after the Broadway musical. Reports say the film director is finalizing the new film after a viral social media moment.,Entertainment
The election commission is expected to vote on the immigration policy next month. The senate committee released a statement about the election law this week. The newly elected senator met with three foreign delegates to discuss the healthcare reform. Protesters gathered outside the senate committee to oppose the immigration policy.,Politics
The software company scaled up production of a machine learning framework this week. Analysts linked a wave of layoffs at the retailer to rising interest rates. The conglomerate responded to a sharp drop in profits amid rising interest rates. The cloud provider scaled up production of a new artificial intelligence model this week.,Business
Analysts linked an unexpected loss at the manufacturer to rising interest rates. A flagship smartphone from the startup reported a million downloads. Analysts say the robotics firm could see a million downloads following the release of an autonomous delivery drone. A next-generation processor from the robotics firm reported a million downloads. Analysts say the social media platform could see a million downloads following the release of a new artificial intelligence model. Investors are watching the software company closely after strong developer interest.,Technology
Investors reacted cautiously to a new trade agreement affecting the conglomerate. The logistics company announced a sharp drop in profits in its latest earnings report. Analysts say the tech giant could see a security breach following the release of a cybersecurity tool. The board of the logistics company met to discuss an unexpected loss. The cloud provider began testing a cloud computing platform this week. Developers welcomed the startup's decision to release a cloud computing platform. Developers welcomed the cloud provider's decision to release an autonomous delivery drone.,Technology
Critics highlighted record ticket sales following the release of the documentary. The comedian will appear in a dozen new projects after the debut album. Reports say the actor is finalizing the new film after record ticket sales. The streaming series opened to mixed reviews this weekend.,Sports
Critics say the election law could face several legal challenges. The opposition leader called on the ruling coalition to reconsider the constitutional amendment. Critics say the new tax bill could face three legal challenges. Investors reacted cautiously to higher fuel costs affecting the conglomerate.,Politics
Critics highlighted mixed reviews following the release of the streaming series. The Broadway musical opened to strong box office numbers this weekend. The home side will face tough opposition in the next the season opener. The pop star faced criticism over the awards ceremony. Injuries to the star forward could affect the national squad ahead of the international friendly.,Entertainment
Investors are watching the chipmaker closely after a surge in user growth. Engineers at the software company announced an autonomous delivery drone after several months of testing. Developers welcomed the robotics firm's decision to release a new artificial intelligence model. Developers welcomed the cloud provider's decision to release a new artificial intelligence model.,Technology
An autonomous delivery drone from the software company reported significant delays. The tech giant open-sourced a cybersecurity tool this week. The tech giant released a major update to a next-generation processor this week. Shares of the bank moved after the firm cited supply chain disruptions. Engineers at the social media platform announced a flagship smartphone after three months of testing. Investors are watching the cloud provider closely after a security breach. The startup confirmed a million downloads linked to an autonomous delivery drone.,Technology
The actor will appear in three new projects after the documentary. The new film opened to a viral social media moment this weekend. The pop star surprised fans with the streaming series. The documentary broke records with a viral social media moment. The home side cruised to victory in the championship final. The debut album broke records with strong box office numbers.,Entertainment
The chipmaker unveiled a new artificial intelligence model this week. A cybersecurity tool from the social media platform reported a security breach. Developers welcomed the social media platform's decision to release a flagship smartphone. Developers welcomed the chipmaker's decision to release a cybersecurity tool.,Technology
The bank announced strong consumer demand in its latest earnings report. Critics say the new tax bill could face several legal challenges. Analysts linked an unexpected loss at the conglomerate to inflation. Critics say the election law could face several legal challenges. Critics say the budget proposal could face several legal challenges. The finance minister called on the cabinet to reconsider the constitutional amendment. The finance minister met with a dozen foreign delegates to discuss the budget proposal.,Politics
The regional council debated for hours before approving the election law this week. The ruling coalition is expected to vote on the new tax bill next month. The energy firm attributed record quarterly revenue amid a new trade agreement. Protesters gathered outside the regional council to oppose the election law.,Politics
Critics say the healthcare reform could face two legal challenges. Protesters gathered outside the national assembly to oppose the trade agreement. Critics say the election law could face several legal challenges. The state governor met with three foreign delegates to discuss the constitutional amendment. The ruling coalition is expected to vote on the trade agreement next month.,Politics
Engineers at the software company announced a flagship smartphone after three months of testing. The board of the bank met to discuss a sharp drop in profits. Engineers at the cloud provider announced a cybersecurity tool after several months of testing. The manufacturer announced record quarterly revenue in its latest earnings report. Analysts say the social media platform could see record quarterly earnings following the release of a flagship smartphone. Engineers at the cloud provider announced a next-generation processor after two months of testing.,Technology
The defending champions will face tough opposition in the next the international friendly. The world tour opened to a top chart debut this weekend. The national squad cruised to victory in the title decider. The defending champions edged out their rivals in the derby match. The awards ceremony broke records with mixed reviews.,Entertainment
The documentary broke records with record ticket sales. Analysts expect the visiting club to reach the championship final this year. The coach credited the veteran defender for scoring seven goals this season. The star forward was the standout performer during the season opener. The coach credited the striker for scoring three goals this season.,Sports
The awards ceremony broke records with strong box office numbers. Reports say the celebrity couple is finalizing the documentary after a top chart debut. The actor will appear in two new projects after the streaming series. The Broadway musical broke records with mixed reviews. Reports say the actor is finalizing the awards ceremony after strong box office numbers.,Entertainment
The cloud provider confirmed strong developer interest linked to a cloud computing platform. Analysts say the chipmaker could see record quarterly earnings following the release of an autonomous delivery drone. The chipmaker confirmed a million downloads linked to a next-generation processor. Shares of the airline moved after the firm cited higher fuel costs. The cloud provider confirmed a surge in user growth linked to a cybersecurity tool.,Technology
The software company confirmed significant delays linked to a next-generation processor. The software company confirmed significant delays linked to a cybersecurity tool. Investors are watching the robotics firm closely after a million downloads. A new artificial intelligence model from the robotics firm reported record quarterly earnings. Developers welcomed the tech giant's decision to release a new artificial intelligence model. Investors are watching the chipmaker closely after a million downloads. The manufacturer plans to open three new locations despite increased competition.,Technology
The veteran defender was the standout performer during the title decider. The veteran defender was the standout performer during the playoff series. Fans praised the young midfielder after the league leaders clinched a dramatic win. Injuries to the young midfielder could affect the defending champions ahead of the championship final. Injuries to the goalkeeper could affect the rookie team ahead of the championship final. Injuries to the new signing could affect the defending champions ahead of the qualifying round. The star forward was the standout performer during the title decider.,Sports
The board of the logistics company met to discuss rising shares. The prime minister defended the trade agreement during a press briefing. Critics say the budget proposal could face a dozen legal challenges. The conglomerate reported a major merger amid higher fuel costs. The ruling coalition voted narrowly to pass the election law this week. Protesters gathered outside the election commission to oppose the immigration policy.,Politics
Analysts say the social media platform could see record quarterly earnings following the release of a cloud computing platform. An autonomous delivery drone from the cloud provider reported a surge in user growth. Developers welcomed the robotics firm's decision to release a machine learning framework. Engineers at the robotics firm announced a cybersecurity tool after two months of testing.,Technology
Analysts linked a wave of layoffs at the retailer to changing consumer habits. Shares of the manufacturer moved after the firm cited inflation. The manufacturer announced a wave of layoffs in its latest earnings report. Shares of the energy firm moved after the firm cited a new trade agreement. The logistics company plans to open a dozen new locations despite higher fuel costs.,Business
Engineers at the chipmaker announced a machine learning framework after two months of testing. The airline announced a sharp drop in profits in its latest earnings report. A new artificial intelligence model from the software company reported a surge in user growth. Analysts say the cloud provider could see strong developer interest following the release of a cybersecurity tool. Analysts say the social media platform could see record quarterly earnings following the release of a next-generation processor.,Technology
Fans praised the striker after the home side edged out their rivals. The awards ceremony broke records with strong box office numbers. Reports say the pop star is finalizing the streaming series after strong box office numbers. The debut album broke records with a sold-out premiere. The Broadway musical opened to strong box office numbers this weekend.,Entertainment
The cloud provider confirmed strong developer interest linked to a next-generation processor. The startup patched a critical flaw in an autonomous delivery drone this week. Analysts linked record quarterly revenue at the logistics company to changing consumer habits. The tech giant recalled a flagship smartphone this week. The startup recalled an autonomous delivery drone this week. Investors reacted cautiously to rising interest rates affecting the energy firm. Investors reacted cautiously to rising interest rates affecting the energy firm.,Technology
The national assembly is expected to vote on the healthcare reform next month. The logistics company announced a wave of layoffs in its latest earnings report. Protesters gathered outside the parliament to oppose the new tax bill. The opposition leader called on the cabinet to reconsider the healthcare reform. Protesters gathered outside the election commission to oppose the new tax bill.,Politics
The pop star will appear in several new projects after the world tour. The league leaders clinched a dramatic win in the season opener. Reports say the television host is finalizing the Broadway musical after mixed reviews. Fans celebrated as the television host surprised fans with the awards ceremony.,Entertainment
Fans praised the veteran defender after the national squad dominated from start to finish. The visiting club will face tough opposition in the next the title decider. Fans praised the new signing after the visiting club clinched a dramatic win. Injuries to the goalkeeper could affect the defending champions ahead of the qualifying round.,Sports
The conglomerate responded to a wave of layoffs amid increased competition. The retailer announced a major merger in its latest earnings report. The prime minister met with a dozen foreign delegates to discuss the trade agreement. The national assembly faced criticism over the immigration policy this week. The national assembly postponed a decision on the immigration policy this week.,Politics
Fans celebrated as the fashion designer announced plans for the awards ceremony. The world tour opened to record ticket sales this weekend. Critics highlighted record ticket sales following the release of the awards ceremony. The coach credited the new signing for scoring three goals this season.,Sports
The robotics firm confirmed significant delays linked to a flagship smartphone. The software company confirmed significant delays linked to a machine learning framework. Developers welcomed the chipmaker's decision to release a cybersecurity tool. Engineers at the cloud provider announced a cybersecurity tool after a dozen months of testing. The logistics company announced a major merger amid changing consumer habits. The conglomerate warned investors about a major merger amid rising interest rates. Investors are watching the software company closely after strong developer interest.,Technology
The pop star received widespread praise for the debut album. The captain was the standout performer during the qualifying round. Critics highlighted a viral social media moment following the release of the new film. The streaming series broke records with a top chart debut. Reports say the actor is finalizing the streaming series after a top chart debut. The underdogs will face tough opposition in the next the playoff series.,Entertainment
Critics highlighted mixed reviews following the release of the streaming series. The film director received widespread praise for the awards ceremony. The pop star was confirmed to headline the new film. Fans celebrated as the film director celebrated the success of the debut album. The fashion designer was confirmed to headline the documentary. The home side edged out their rivals in the international friendly. The coach credited the goalkeeper for scoring seven goals this season.,Entertainment
Analysts linked a wave of layoffs at the bank to inflation. The startup began testing a cybersecurity tool this week. Investors reacted cautiously to higher fuel costs affecting the bank. Engineers at the cloud provider announced a machine learning framework after two months of testing. Engineers at the startup announced a machine learning framework after a dozen months of testing.,Technology
Shares of the manufacturer moved after the firm cited rising interest rates. Investors reacted cautiously to inflation affecting the manufacturer. The logistics company announced record quarterly revenue in its latest earnings report. Analysts linked a major merger at the retailer to inflation. A cloud computing platform from the robotics firm reported a security breach. The conglomerate revised forecasts because of a major merger amid inflation. Investors reacted cautiously to supply chain disruptions affecting the airline.,Business
Fans celebrated as the pop star announced plans for the debut album. The visiting club will face tough opposition in the next the derby match. The striker was the standout performer during the qualifying round. The underdogs secured a narrow win in the title decider. The coach credited the striker for scoring four goals this season. The coach credited the captain for scoring seven goals this season.,Sports
Analysts expect the league leaders to reach the playoff series this year. Reports say the celebrity couple is finalizing the Broadway musical after a viral social media moment. The Broadway musical opened to record ticket sales this weekend. Injuries to the captain could affect the underdogs ahead of the qualifying round. The goalkeeper was the standout performer during the qualifying round. The awards ceremony broke records with mixed reviews.,Sports
Analysts linked record quarterly revenue at the airline to higher fuel costs. The conglomerate plans to open several new locations despite higher fuel costs. Shares of the manufacturer moved after the firm cited higher fuel costs. Analysts linked record quarterly revenue at the energy firm to higher fuel costs. Investors reacted cautiously to supply chain disruptions affecting the energy firm.,Business
The airline announced an unexpected loss in its latest earnings report. The newly elected senator called on the regional council to reconsider the budget proposal. The ruling coalition released a statement about the constitutional amendment this week. The president defended the election law during a press briefing. The board of the bank met to discuss a sharp drop in profits. Protesters gathered outside the national assembly to oppose the immigration policy.,Politics
The manufacturer attributed a sharp drop in profits amid a new trade agreement. The state governor met with a dozen foreign delegates to discuss the new tax bill. The parliament is expected to vote on the trade agreement next month. The foreign secretary called on the senate committee to reconsider the trade agreement. The opposition leader defended the election law during a press briefing. The opposition leader met with five foreign delegates to discuss the new tax bill. The board of the bank met to discuss an unexpected loss.,Politics
The pop star will appear in two new projects after the world tour. The Broadway musical opened to a top chart debut this weekend. Reports say the celebrity couple is finalizing the streaming series after strong box office numbers. Critics highlighted strong box office numbers following the release of the new film. The film director was confirmed to headline the new film. The celebrity couple celebrated the success of the awards ceremony. Injuries to the star forward could affect the rookie team ahead of the international friendly.,Entertainment
A cloud computing platform from the robotics firm reported a million downloads. Investors are watching the chipmaker closely after significant delays. The robotics firm unveiled a new artificial intelligence model this week. Engineers at the social media platform announced an autonomous delivery drone after a dozen months of testing. Analysts say the chipmaker could see a surge in user growth following the release of a next-generation processor. Developers welcomed the tech giant's decision to release a machine learning framework. Investors are watching the cloud provider closely after a million downloads.,Technology
Engineers at the startup announced a new artificial intelligence model after five months of testing. The startup confirmed record quarterly earnings linked to a flagship smartphone. Engineers at the software company announced a next-generation processor after a dozen months of testing. Shares of the airline moved after the firm cited changing consumer habits.,Technology
Fans celebrated as the pop star was confirmed to headline the debut album. Injuries to the star forward could affect the league leaders ahead of the championship final. The home side came from behind to triumph in the championship final. The actor will appear in three new projects after the world tour.,Sports
The television host will appear in five new projects after the new film. The pop star will appear in several new projects after the world tour. Critics highlighted a sold-out premiere following the release of the Broadway musical. Analysts expect the home side to reach the title decider this year. Fans praised the veteran defender after the visiting club came from behind to triumph. The celebrity couple celebrated the success of the awards ceremony. The documentary opened to a viral social media moment this weekend.,Entertainment
The software company unveiled an autonomous delivery drone this week. Engineers at the chipmaker announced a next-generation processor after five months of testing. The energy firm responded to a sharp drop in profits amid a new trade agreement. Analysts linked strong consumer demand at the logistics company to rising interest rates.,Technology
Analysts linked strong consumer demand at the manufacturer to inflation. The board of the airline met to discuss a major merger. The logistics company announced an unexpected loss in its latest earnings report. Analysts say the software company could see a security breach following the release of a new artificial intelligence model. The bank plans to open three new locations despite inflation. The retailer announced a major merger in its latest earnings report.,Business
Critics highlighted a sold-out premiere following the release of the Broadway musical. Fans celebrated as the comedian received widespread praise for the awards ceremony. The new film broke records with strong box office numbers. The pop star will appear in three new projects after the streaming series. Reports say the celebrity couple is finalizing the new film after a sold-out premiere.,Entertainment
The prime minister defended the election law during a press briefing. The airline announced strong consumer demand in its latest earnings report. Analysts linked strong consumer demand at the manufacturer to increased competition. The foreign secretary met with three foreign delegates to discuss the immigration policy. The ruling coalition is expected to vote on the immigration policy next month. The newly elected senator called on the regional council to reconsider the constitutional amendment. Analysts linked strong consumer demand at the bank to inflation.,Politics
The coach credited the young midfielder for scoring seven goals this season. Fans praised the young midfielder after the league leaders cruised to victory. Analysts expect the underdogs to reach the international friendly this year. The new signing was the standout performer during the title decider.,Sports
The fashion designer will appear in five new projects after the Broadway musical. The Broadway musical broke records with a sold-out premiere. The awards ceremony opened to strong box office numbers this weekend. Critics highlighted strong box office numbers following the release of the world tour.,Sports
Analysts say the robotics firm could see significant delays following the release of a cloud computing platform. The software company released a major update to a flagship smartphone this week. The tech giant open-sourced a cloud computing platform this week. Engineers at the chipmaker announced a machine learning framework after three months of testing. Engineers at the social media platform announced a machine learning framework after a dozen months of testing. A next-generation processor from the robotics firm reported strong developer interest. The airline plans to open a dozen new locations despite inflation.,Technology
Analysts expect the national squad to reach the championship final this year. The film director will appear in several new projects after the streaming series. Critics highlighted record ticket sales following the release of the new film. The celebrity couple celebrated the success of the awards ceremony. Fans praised the striker after the underdogs cruised to victory. Fans celebrated as the film director was confirmed to headline the streaming series.,Entertainment
Developers welcomed the chipmaker's decision to release an autonomous delivery drone. Investors reacted cautiously to supply chain disruptions affecting the logistics company. Investors are watching the tech giant closely after strong developer interest. Analysts say the social media platform could see strong developer interest following the release of a cybersecurity tool. Engineers at the cloud provider announced a new artificial intelligence model after five months of testing.,Technology
The Broadway musical broke records with strong box office numbers. The captain was the standout performer during the season opener. Critics highlighted record ticket sales following the release of the streaming series. The pop star received widespread praise for the documentary. The actor will appear in three new projects after the Broadway musical. The awards ceremony broke records with a top chart debut. The world tour opened to a sold-out premiere this weekend.,Entertainment
Engineers at the chipmaker announced an autonomous delivery drone after several months of testing. Engineers at the tech giant announced an autonomous delivery drone after five months of testing. The bank revised forecasts because of strong consumer demand amid changing consumer habits. Shares of the bank moved after the firm cited inflation. The chipmaker confirmed a surge in user growth linked to a cloud computing platform. Analysts say the robotics firm could see a surge in user growth following the release of an autonomous delivery drone. Engineers at the chipmaker announced a flagship smartphone after several months of testing.,Business
Fans celebrated as the film director surprised fans with the documentary. Injuries to the goalkeeper could affect the home side ahead of the title decider. The streaming series broke records with a top chart debut. Reports say the comedian is finalizing the world tour after a top chart debut. The fashion designer will appear in five new projects after the Broadway musical.,Entertainment
Injuries to the veteran defender could affect the underdogs ahead of the derby match. The debut album opened to a sold-out premiere this weekend. Critics highlighted strong box office numbers following the release of the Broadway musical. Critics highlighted a viral social media moment following the release of the new film. Fans celebrated as the television host announced plans for the documentary. The new film opened to strong box office numbers this weekend.,Entertainment
Analysts linked strong consumer demand at the conglomerate to higher fuel costs. Investors reacted cautiously to rising interest rates affecting the conglomerate. The board of the manufacturer met to discuss strong consumer demand. The software company confirmed a security breach linked to a cloud computing platform. The retailer responded to a sharp drop in profits amid a new trade agreement. The social media platform confirmed record quarterly earnings linked to a next-generation processor. Analysts linked an unexpected loss at the conglomerate to increased competition.,Business
Fans praised the star forward after the home side secured a narrow win. The coach credited the star forward for scoring two goals this season. The home side will face tough opposition in the next the international friendly. Fans praised the goalkeeper after the national squad clinched a dramatic win.,Sports
Reports say the pop star is finalizing the documentary after a top chart debut. The veteran defender was the standout performer during the international friendly. The film director was confirmed to headline the debut album. Fans praised the star forward after the national squad secured a narrow win. Fans praised the new signing after the rookie team dominated from start to finish.,Entertainment
Injuries to the veteran defender could affect the underdogs ahead of the derby match. The debut album opened to a viral social media moment this weekend. The defending champions clinched a dramatic win in the title decider. The defending champions will face tough opposition in the next the season opener. Fans praised the goalkeeper after the home side secured a narrow win. Fans praised the young midfielder after the defending champions came from behind to triumph.,Sports
Fans celebrated as the comedian faced criticism over the awards ceremony. The awards ceremony opened to a viral social media moment this weekend. Injuries to the veteran defender could affect the defending champions ahead of the qualifying round. Fans praised the striker after the visiting club cruised to victory. Fans praised the captain after the home side came from behind to triumph.,Entertainment
Fans praised the young midfielder after the rookie team cruised to victory. The national squad edged out their rivals in the season opener. Injuries to the young midfielder could affect the visiting club ahead of the international friendly. The league leaders dominated from start to finish in the title decider. The defending champions edged out their rivals in the season opener.,Sports
The senate committee is expected to vote on the election law next month. The foreign secretary defended the healthcare reform during a press briefing. The finance minister defended the healthcare reform during a press briefing. The state governor met with three foreign delegates to discuss the trade agreement. The parliament faced criticism over the constitutional amendment this week.,Politics
Reports say the comedian is finalizing the Broadway musical after mixed reviews. The pop star will appear in three new projects after the awards ceremony. The home side cruised to victory in the qualifying round. Reports say the film director is finalizing the streaming series after record ticket sales. The coach credited the captain for scoring seven goals this season. The visiting club cruised to victory in the international friendly.,Entertainment
Shares of the bank moved after the firm cited a new trade agreement. Investors reacted cautiously to a new trade agreement affecting the conglomerate. The software company confirmed record quarterly earnings linked to a flagship smartphone. Investors are watching the tech giant closely after record quarterly earnings. Engineers at the chipmaker announced a next-generation processor after five months of testing.,Technology
The board of the logistics company met to discuss record quarterly revenue. The prime minister called on the cabinet to reconsider the healthcare reform. The finance minister defended the budget proposal during a press briefing. Critics say the budget proposal could face a dozen legal challenges. The foreign secretary defended the constitutional amendment during a press briefing. The state governor called on the election commission to reconsider the budget proposal.,Politics
The board of the energy firm met to discuss strong consumer demand. The energy firm announced an unexpected loss amid inflation. Investors reacted cautiously to supply chain disruptions affecting the airline. Shares of the bank moved after the firm cited a new trade agreement.,Politics
Fans praised the star forward after the underdogs cruised to victory. Fans praised the veteran defender after the rookie team cruised to victory. Fans praised the striker after the rookie team edged out their rivals. The new signing was the standout performer during the derby match. Injuries to the veteran defender could affect the league leaders ahead of the title decider.,Sports
The senate committee debated for hours before approving the healthcare reform this week. Investors reacted cautiously to increased competition affecting the retailer. The prime minister met with a dozen foreign delegates to discuss the healthcare reform. The senate committee is expected to vote on the election law next month. The president met with three foreign delegates to discuss the budget proposal. Investors reacted cautiously to changing consumer habits affecting the conglomerate. The parliament voted narrowly to pass the healthcare reform this week.,Politics
The conglomerate announced a sharp drop in profits in its latest earnings report. Investors are watching the cloud provider closely after strong developer interest. The logistics company plans to open two new locations despite changing consumer habits. The retailer announced an unexpected loss in its latest earnings report. Developers welcomed the tech giant's decision to release a new artificial intelligence model. The retailer plans to open two new locations despite a new trade agreement.,Business
The league leaders secured a narrow win in the qualifying round. Analysts expect the home side to reach the international friendly this year. The coach credited the young midfielder for scoring a record five goals this season. Injuries to the star forward could affect the national squad ahead of the derby match. The streaming series broke records with a viral social media moment.,Sports
The energy firm revised forecasts because of an unexpected loss amid rising interest rates. The national assembly voted narrowly to pass the election law this week. Protesters gathered outside the national assembly to oppose the budget proposal. The cabinet is expected to vote on the election law next month. Investors reacted cautiously to a new trade agreement affecting the conglomerate. The cabinet postponed a decision on the trade agreement this week.,Politics
Analysts linked strong consumer demand at the manufacturer to supply chain disruptions. The manufacturer warned investors about a wave of layoffs amid a new trade agreement. The retailer revised forecasts because of rising shares amid higher fuel costs. The board of the airline met to discuss a sharp drop in profits. Shares of the bank moved after the firm cited higher fuel costs.,Business
The conglomerate reported a major merger amid higher fuel costs. Shares of the airline moved after the firm cited rising interest rates. Developers welcomed the cloud provider's decision to release an autonomous delivery drone. The manufacturer plans to open a dozen new locations despite inflation. The board of the retailer met to discuss a major merger. Investors reacted cautiously to a new trade agreement affecting the manufacturer.,Sports
The conglomerate plans to open five new locations despite higher fuel costs. The board of the logistics company met to discuss an unexpected loss. The logistics company announced strong consumer demand in its latest earnings report. Shares of the energy firm moved after the firm cited changing consumer habits. The airline plans to open two new locations despite inflation. Shares of the energy firm moved after the firm cited increased competition.,Business
The board of the bank met to discuss rising shares. The airline announced an unexpected loss in its latest earnings report. Investors reacted cautiously to rising interest rates affecting the conglomerate. Analysts linked a major merger at the airline to a new trade agreement. Shares of the airline moved after the firm cited a new trade agreement. Analysts say the robotics firm could see strong developer interest following the release of a new artificial intelligence model. Investors reacted cautiously to higher fuel costs affecting the energy firm.,Business
The senate committee debated for hours before approving the healthcare reform this week. Critics say the new tax bill could face a dozen legal challenges. The state governor called on the regional council to reconsider the new tax bill. The finance minister called on the senate committee to reconsider the budget proposal. The newly elected senator called on the ruling coalition to reconsider the new tax bill. The senate committee postponed a decision on the budget proposal this week.,Politics
The logistics company plans to open two new locations despite inflation. The logistics company responded to a sharp drop in profits amid a new trade agreement. The conglomerate plans to open a dozen new locations despite inflation. The airline attributed a major merger amid inflation.,Business
Analysts expect the rookie team to reach the qualifying round this year. The coach credited the veteran defender for scoring a record five goals this season. The debut album broke records with mixed reviews. The visiting club secured a narrow win in the title decider.,Sports
The parliament postponed a decision on the healthcare reform this week. The bank announced rising shares in its latest earnings report. Protesters gathered outside the election commission to oppose the election law. The president called on the regional council to reconsider the trade agreement. Protesters gathered outside the ruling coalition to oppose the election law. Investors reacted cautiously to changing consumer habits affecting the retailer. The cabinet is expected to vote on the constitutional amendment next month.,Politics
Developers welcomed the startup's decision to release a cybersecurity tool. Analysts say the software company could see strong developer interest following the release of an autonomous delivery drone. The board of the conglomerate met to discuss strong consumer demand. Shares of the retailer moved after the firm cited supply chain disruptions. Engineers at the chipmaker announced a flagship smartphone after several months of testing. The tech giant unveiled a flagship smartphone this week. A machine learning framework from the social media platform reported significant delays.,Technology
Protesters gathered outside the ruling coalition to oppose the election law. The election commission postponed a decision on the new tax bill this week. The opposition leader called on the election commission to reconsider the immigration policy. Critics say the election law could face five legal challenges. The finance minister met with three foreign delegates to discuss the election law.,Politics
Analysts linked record quarterly revenue at the bank to rising interest rates. The energy firm announced record quarterly revenue in its latest earnings report. Developers welcomed the tech giant's decision to release a cloud computing platform. Shares of the retailer moved after the firm cited inflation. Investors reacted cautiously to supply chain disruptions affecting the manufacturer.,Business
The manufacturer attributed a sharp drop in profits amid higher fuel costs. The ruling coalition is expected to vote on the election law next month. Shares of the retailer moved after the firm cited rising interest rates. The national assembly is expected to vote on the election law next month.,Politics
The board of the conglomerate met to discuss rising shares. The social media platform scaled up production of a next-generation processor this week. Shares of the bank moved after the firm cited supply chain disruptions. Analysts linked a sharp drop in profits at the bank to rising interest rates. Investors are watching the tech giant closely after significant delays. Engineers at the tech giant announced a flagship smartphone after five months of testing.,Technology
Reports say the celebrity couple is finalizing the debut album after a top chart debut. Critics highlighted a sold-out premiere following the release of the new film. Critics highlighted a viral social media moment following the release of the awards ceremony. The film director announced plans for the debut album.,Entertainment
Fans praised the veteran defender after the league leaders edged out their rivals. Critics highlighted strong box office numbers following the release of the debut album. Analysts expect the visiting club to reach the qualifying round this year. The new signing was the standout performer during the season opener. The coach credited the veteran defender for scoring a record five goals this season. The veteran defender was the standout performer during the derby match. Fans praised the striker after the league leaders edged out their rivals.,Sports
Fans praised the new signing after the underdogs came from behind to triumph. The league leaders will face tough opposition in the next the international friendly. Fans celebrated as the television host received widespread praise for the awards ceremony. The television host faced criticism over the documentary. The world tour opened to strong box office numbers this weekend. The veteran defender was the standout performer during the derby match.,Entertainment
The tech giant unveiled a flagship smartphone this week. The board of the manufacturer met to discuss record quarterly revenue. The airline announced record quarterly revenue in its latest earnings report. Investors reacted cautiously to rising interest rates affecting the retailer. The energy firm attributed a wave of layoffs amid increased competition. The logistics company plans to open three new locations despite higher fuel costs. The logistics company announced an unexpected loss amid a new trade agreement.,Business
Fans praised the goalkeeper after the visiting club dominated from start to finish. Analysts expect the underdogs to reach the international friendly this year. The striker was the standout performer during the qualifying round. Analysts expect the league leaders to reach the derby match this year. Injuries to the goalkeeper could affect the defending champions ahead of the season opener. Analysts expect the visiting club to reach the championship final this year.,Sports
Protesters gathered outside the regional council to oppose the healthcare reform. The energy firm announced rising shares in its latest earnings report. The national assembly faced criticism over the budget proposal this week. The senate committee released a statement about the budget proposal this week. The opposition leader called on the senate committee to reconsider the healthcare reform. The president defended the new tax bill during a press briefing.,Politics
The energy firm announced an unexpected loss in its latest earnings report. The state governor called on the senate committee to reconsider the election law. Investors reacted cautiously to changing consumer habits affecting the manufacturer. The president defended the constitutional amendment during a press briefing. The election commission voted narrowly to pass the new tax bill this week. The president defended the immigration policy during a press briefing.,Politics
The tech giant confirmed significant delays linked to a new artificial intelligence model. The social media platform confirmed strong developer interest linked to a cloud computing platform. Investors are watching the cloud provider closely after record quarterly earnings. Developers welcomed the robotics firm's decision to release an autonomous delivery drone. A cloud computing platform from the startup reported a million downloads. Investors are watching the software company closely after significant delays. Investors reacted cautiously to higher fuel costs affecting the bank.,Technology
The airline plans to open several new locations despite a new trade agreement. The election commission is expected to vote on the new tax bill next month. The opposition leader met with a dozen foreign delegates to discuss the new tax bill. Critics say the constitutional amendment could face three legal challenges. The conglomerate warned investors about a major merger amid changing consumer habits. The election commission postponed a decision on the constitutional amendment this week. The ruling coalition is expected to vote on the constitutional amendment next month.,Politics
A new artificial intelligence model from the software company reported record quarterly earnings. Engineers at the cloud provider announced a cybersecurity tool after three months of testing. The cloud provider confirmed significant delays linked to a new artificial intelligence model. A cybersecurity tool from the robotics firm reported record quarterly earnings. The robotics firm patched a critical flaw in a flagship smartphone this week.,Technology
Critics highlighted strong box office numbers following the release of the debut album. Fans celebrated as the fashion designer surprised fans with the awards ceremony. The world tour broke records with mixed reviews. The world tour opened to a viral social media moment this weekend. The coach credited the striker for scoring three goals this season. The league leaders will face tough opposition in the next the playoff series. The celebrity couple will appear in two new projects after the documentary.,Entertainment
The airline plans to open several new locations despite supply chain disruptions. Investors reacted cautiously to changing consumer habits affecting the bank. The energy firm announced record quarterly revenue amid changing consumer habits. A machine learning framework from the robotics firm reported a surge in user growth. The cloud provider unveiled a next-generation processor this week. Developers welcomed the chipmaker's decision to release a cybersecurity tool. The logistics company announced a sharp drop in profits in its latest earnings report.,Business
The ruling coalition is expected to vote on the budget proposal next month. The regional council is expected to vote on the immigration policy next month. The prime minister called on the national assembly to reconsider the healthcare reform. The retailer plans to open several new locations despite supply chain disruptions.,Politics
Shares of the energy firm moved after the firm cited changing consumer habits. Engineers at the startup announced a flagship smartphone after several months of testing. Analysts say the startup could see strong developer interest following the release of a machine learning framework. The board of the manufacturer met to discuss a sharp drop in profits. The board of the airline met to discuss an unexpected loss.,Business
Fans praised the striker after the league leaders came from behind to triumph. Injuries to the young midfielder could affect the rookie team ahead of the season opener. Fans praised the young midfielder after the national squad secured a narrow win. Analysts expect the home side to reach the season opener this year. The world tour broke records with strong box office numbers.,Technology
The documentary opened to a top chart debut this weekend. Critics highlighted a viral social media moment following the release of the Broadway musical. Critics highlighted strong box office numbers following the release of the awards ceremony. The coach credited the young midfielder for scoring three goals this season. Fans celebrated as the celebrity couple announced plans for the debut album.,Entertainment
The home side will face tough opposition in the next the qualifying round. The striker was the standout performer during the championship final. The rookie team will face tough opposition in the next the playoff series. Analysts expect the visiting club to reach the title decider this year.,Sports
The startup scaled up production of a cloud computing platform this week. Analysts say the startup could see a surge in user growth following the release of a next-generation processor. The tech giant recalled a flagship smartphone this week. Shares of the energy firm moved after the firm cited higher fuel costs. The cloud provider began testing a next-generation processor this week. The software company confirmed a security breach linked to a cloud computing platform.,Technology
The regional council postponed a decision on the budget proposal this week. The parliament is expected to vote on the immigration policy next month. The state governor defended the new tax bill during a press briefing. Analysts linked a wave of layoffs at the energy firm to changing consumer habits. The board of the manufacturer met to discuss strong consumer demand. The state governor defended the constitutional amendment during a press briefing.,Politics
Engineers at the robotics firm announced a new artificial intelligence model after a dozen months of testing. Engineers at the cloud provider announced a new artificial intelligence model after several months of testing. The software company confirmed significant delays linked to a machine learning framework. Investors are watching the startup closely after a surge in user growth. A cloud computing platform from the tech giant reported strong developer interest.,Technology
Analysts linked a major merger at the bank to higher fuel costs. The conglomerate plans to open a dozen new locations despite higher fuel costs. The retailer plans to open several new locations despite increased competition. The board of the airline met to discuss an unexpected loss. The logistics company reported record quarterly revenue amid inflation.,Business
Shares of the logistics company moved after the firm cited inflation. Shares of the energy firm moved after the firm cited supply chain disruptions. Analysts linked record quarterly revenue at the retailer to changing consumer habits. The bank announced a wave of layoffs in its latest earnings report. Analysts linked a sharp drop in profits at the conglomerate to increased competition. The bank warned investors about a wave of layoffs amid inflation. The logistics company announced a wave of layoffs in its latest earnings report.,Business
Investors are watching the software company closely after a million downloads. The energy firm responded to rising shares amid a new trade agreement. The board of the retailer met to discuss a sharp drop in profits. The software company confirmed strong developer interest linked to a cloud computing platform.,Technology
The world tour opened to a top chart debut this weekend. Analysts expect the rookie team to reach the championship final this year. The debut album opened to record ticket sales this weekend. The coach credited the new signing for scoring a record five goals this season.,Entertainment
Fans celebrated as the comedian faced criticism over the new film. The fashion designer will appear in several new projects after the debut album. Fans praised the star forward after the league leaders came from behind to triumph. Critics highlighted a viral social media moment following the release of the debut album. The Broadway musical opened to strong box office numbers this weekend. The pop star announced plans for the debut album. Reports say the celebrity couple is finalizing the awards ceremony after a viral social media moment.,Entertainment
The election commission is expected to vote on the healthcare reform next month. The board of the logistics company met to discuss rising shares. The logistics company announced an unexpected loss in its latest earnings report. Analysts linked a wave of layoffs at the conglomerate to rising interest rates. The regional council is expected to vote on the budget proposal next month.,Politics
A next-generation processor from the tech giant reported a surge in user growth. The tech giant recalled a next-generation processor this week. Engineers at the software company announced an autonomous delivery drone after a dozen months of testing. Developers welcomed the robotics firm's decision to release a next-generation processor. The chipmaker released a major update to a next-generation processor this week. Engineers at the robotics firm announced a cloud computing platform after several months of testing.,Technology
The finance minister met with five foreign delegates to discuss the constitutional amendment. Critics say the new tax bill could face five legal challenges. The parliament is expected to vote on the healthcare reform next month. The foreign secretary defended the new tax bill during a press briefing. The newly elected senator called on the cabinet to reconsider the election law.,Politics
The awards ceremony broke records with a sold-out premiere. The awards ceremony opened to a top chart debut this weekend. Reports say the comedian is finalizing the streaming series after a top chart debut. The film director received widespread praise for the world tour.,Entertainment
Analysts linked a major merger at the retailer to supply chain disruptions. Shares of the retailer moved after the firm cited inflation. Critics say the election law could face five legal challenges. The newly elected senator met with two foreign delegates to discuss the new tax bill. Critics say the immigration policy could face two legal challenges.,Politics
Investors reacted cautiously to inflation affecting the airline. The parliament faced criticism over the immigration policy this week. Investors reacted cautiously to changing consumer habits affecting the conglomerate. The senate committee faced criticism over the election law this week. Protesters gathered outside the election commission to oppose the healthcare reform. The cabinet is expected to vote on the trade agreement next month. The board of the retailer met to discuss a major merger.,Politics
The retailer plans to open five new locations despite changing consumer habits. Investors reacted cautiously to increased competition affecting the conglomerate. Investors reacted cautiously to higher fuel costs affecting the bank. The bank revised forecasts because of a sharp drop in profits amid changing consumer habits. Analysts linked a major merger at the retailer to higher fuel costs. Investors are watching the robotics firm closely after record quarterly earnings.,Business
Analysts say the robotics firm could see strong developer interest following the release of a cybersecurity tool. The logistics company announced rising shares in its latest earnings report. The startup recalled an autonomous delivery drone this week. An autonomous delivery drone from the cloud provider reported strong developer interest. An autonomous delivery drone from the tech giant reported a million downloads.,Technology
The world tour opened to record ticket sales this weekend. The film director received widespread praise for the documentary. The world tour opened to record ticket sales this weekend. The pop star surprised fans with the new film. Fans celebrated as the actor announced plans for the new film. The film director will appear in several new projects after the streaming series.,Entertainment
The film director will appear in two new projects after the Broadway musical. The coach credited the captain for scoring seven goals this season. The fashion designer surprised fans with the documentary. The documentary opened to a top chart debut this weekend.,Entertainment
The actor will appear in several new projects after the new film. The television host will appear in two new projects after the new film. The veteran defender was the standout performer during the title decider. The debut album broke records with record ticket sales. Fans celebrated as the comedian was confirmed to headline the documentary.,Entertainment
Injuries to the young midfielder could affect the visiting club ahead of the playoff series. Analysts expect the home side to reach the qualifying round this year. The film director will appear in several new projects after the debut album. The underdogs came from behind to triumph in the international friendly. The coach credited the captain for scoring three goals this season.,Sports
The league leaders will face tough opposition in the next the season opener. The fashion designer was confirmed to headline the documentary. The film director will appear in three new projects after the documentary. The documentary opened to a sold-out premiere this weekend.,Entertainment
Fans praised the star forward after the home side clinched a dramatic win. The celebrity couple will appear in five new projects after the debut album. The young midfielder was the standout performer during the title decider. The league leaders dominated from start to finish in the derby match. The underdogs clinched a dramatic win in the season opener. The coach credited the veteran defender for scoring a record five goals this season. The coach credited the veteran defender for scoring four goals this season.,Sports
Critics say the immigration policy could face five legal challenges. The president met with a dozen foreign delegates to discuss the immigration policy. The national assembly is expected to vote on the election law next month. Protesters gathered outside the cabinet to oppose the healthcare reform. The parliament held emergency talks over the trade agreement this week. The senate committee is expected to vote on the new tax bill next month. The logistics company revised forecasts because of record quarterly revenue amid rising interest rates.,Business
The ruling coalition is expected to vote on the constitutional amendment next month. Shares of the bank moved after the firm cited rising interest rates. Critics say the new tax bill could face two legal challenges. The cabinet held emergency talks over the healthcare reform this week. Protesters gathered outside the election commission to oppose the immigration policy.,Politics
Protesters gathered outside the national assembly to oppose the new tax bill. Protesters gathered outside the national assembly to oppose the immigration policy. Shares of the bank moved after the firm cited changing consumer habits. Protesters gathered outside the regional council to oppose the new tax bill. The foreign secretary met with a dozen foreign delegates to discuss the constitutional amendment.,Politics
The election commission held emergency talks over the budget proposal this week. Investors reacted cautiously to inflation affecting the conglomerate. Critics say the budget proposal could face five legal challenges. Analysts linked a wave of layoffs at the airline to inflation. Investors reacted cautiously to a new trade agreement affecting the retailer. Protesters gathered outside the ruling coalition to oppose the trade agreement. The board of the bank met to discuss an unexpected loss.,Politics
The state governor called on the election commission to reconsider the trade agreement. The energy firm plans to open two new locations despite higher fuel costs. Protesters gathered outside the regional council to oppose the election law. The opposition leader defended the constitutional amendment during a press briefing.,Politics
The cabinet is expected to vote on the healthcare reform next month. The regional council voted narrowly to pass the constitutional amendment this week. The foreign secretary defended the election law during a press briefing. The president defended the trade agreement during a press briefing.,Politics
The national assembly is expected to vote on the budget proposal next month. The election commission is expected to vote on the immigration policy next month. The conglomerate reported a wave of layoffs amid inflation. The state governor defended the budget proposal during a press briefing. The parliament is expected to vote on the budget proposal next month. The foreign secretary met with three foreign delegates to discuss the new tax bill.,Politics
Developers welcomed the chipmaker's decision to release a cloud computing platform. Analysts say the chipmaker could see record quarterly earnings following the release of a cloud computing platform. The bank plans to open five new locations despite a new trade agreement. Investors reacted cautiously to supply chain disruptions affecting the conglomerate. Investors are watching the chipmaker closely after a security breach.,Technology
Shares of the retailer moved after the firm cited higher fuel costs. Analysts linked rising shares at the bank to increased competition. A machine learning framework from the software company reported significant delays. Developers welcomed the tech giant's decision to release a flagship smartphone. Analysts linked a major merger at the manufacturer to higher fuel costs. The board of the conglomerate met to discuss a sharp drop in profits.,Business
Critics say the immigration policy could face two legal challenges. Shares of the retailer moved after the firm cited higher fuel costs. The opposition leader defended the new tax bill during a press briefing. The retailer announced a major merger in its latest earnings report. Analysts linked a sharp drop in profits at the logistics company to supply chain disruptions. The cabinet faced criticism over the election law this week.,Politics
The national assembly is expected to vote on the trade agreement next month. The national assembly debated for hours before approving the immigration policy this week. The opposition leader defended the budget proposal during a press briefing. Protesters gathered outside the national assembly to oppose the budget proposal. The finance minister called on the ruling coalition to reconsider the new tax bill. The newly elected senator defended the new tax bill during a press briefing. The foreign secretary called on the cabinet to reconsider the new tax bill.,Politics
Protesters gathered outside the election commission to oppose the new tax bill. Analysts linked a wave of layoffs at the bank to inflation. Investors reacted cautiously to higher fuel costs affecting the bank. The ruling coalition is expected to vote on the immigration policy next month.,Politics
Shares of the retailer moved after the firm cited a new trade agreement. A new artificial intelligence model from the social media platform reported significant delays. Investors reacted cautiously to rising interest rates affecting the retailer. Engineers at the robotics firm announced a machine learning framework after three months of testing. Shares of the conglomerate moved after the firm cited higher fuel costs.,Technology
The awards ceremony opened to a top chart debut this weekend. The streaming series opened to a top chart debut this weekend. The comedian will appear in a dozen new projects after the awards ceremony. Critics highlighted a viral social media moment following the release of the Broadway musical.,Entertainment
The bank plans to open a dozen new locations despite higher fuel costs. An autonomous delivery drone from the tech giant reported significant delays. The conglomerate plans to open several new locations despite supply chain disruptions. The logistics company revised forecasts because of strong consumer demand amid inflation. Investors reacted cautiously to changing consumer habits affecting the energy firm. The chipmaker unveiled a next-generation processor this week. Investors reacted cautiously to a new trade agreement affecting the conglomerate.,Politics
The logistics company announced record quarterly revenue in its latest earnings report. Engineers at the tech giant announced an autonomous delivery drone after several months of testing. Engineers at the social media platform announced a new artificial intelligence model after several months of testing. Analysts linked a sharp drop in profits at the retailer to increased competition. The tech giant confirmed a surge in user growth linked to a next-generation processor. Investors reacted cautiously to higher fuel costs affecting the energy firm.,Business
Reports say the pop star is finalizing the new film after a top chart debut. The fashion designer will appear in two new projects after the new film. Fans praised the striker after the underdogs dominated from start to finish. The film director will appear in several new projects after the awards ceremony. The actor will appear in three new projects after the new film.,Business
The visiting club will face tough opposition in the next the qualifying round. The celebrity couple will appear in several new projects after the debut album. The film director will appear in a dozen new projects after the documentary. The fashion designer celebrated the success of the streaming series.,Entertainment
Injuries to the goalkeeper could affect the underdogs ahead of the qualifying round. The coach credited the new signing for scoring a record five goals this season. Analysts expect the league leaders to reach the playoff series this year. Analysts expect the visiting club to reach the title decider this year. Fans praised the captain after the defending champions edged out their rivals.,Sports
The retailer plans to open a dozen new locations despite inflation. Analysts linked rising shares at the energy firm to inflation. The airline plans to open five new locations despite changing consumer habits. The chipmaker confirmed a surge in user growth linked to a new artificial intelligence model. The board of the retailer met to discuss a wave of layoffs. Investors are watching the cloud provider closely after a surge in user growth. The startup scaled up production of a cloud computing platform this week.,Technology
Analysts say the robotics firm could see a surge in user growth following the release of a cybersecurity tool. Analysts linked record quarterly revenue at the bank to rising interest rates. A cloud computing platform from the social media platform reported a million downloads. The social media platform confirmed strong developer interest linked to a flagship smartphone.,Technology
Fans praised the striker after the defending champions edged out their rivals. The coach credited the young midfielder for scoring three goals this season. The comedian celebrated the success of the debut album. Critics highlighted a sold-out premiere following the release of the awards ceremony. Injuries to the star forward could affect the home side ahead of the championship final.,Entertainment
Shares of the bank moved after the firm cited inflation. The chipmaker unveiled a flagship smartphone this week. Shares of the logistics company moved after the firm cited rising interest rates. The energy firm plans to open a dozen new locations despite changing consumer habits. The cloud provider confirmed strong developer interest linked to an autonomous delivery drone.,Business
The coach credited the goalkeeper for scoring three goals this season. Fans celebrated as the film director announced plans for the awards ceremony. Injuries to the young midfielder could affect the defending champions ahead of the qualifying round. Fans celebrated as the television host announced plans for the streaming series. Reports say the pop star is finalizing the awards ceremony after record ticket sales.,Entertainment
The conglomerate plans to open a dozen new locations despite supply chain disruptions. Analysts linked an unexpected loss at the logistics company to changing consumer habits. The manufacturer plans to open two new locations despite rising interest rates. The airline plans to open five new locations despite increased competition. Developers welcomed the tech giant's decision to release a machine learning framework.,Business
The comedian will appear in three new projects after the documentary. The streaming series opened to strong box office numbers this weekend. The fashion designer surprised fans with the streaming series. The Broadway musical broke records with record ticket sales. Critics highlighted a sold-out premiere following the release of the new film. Fans praised the veteran defender after the home side edged out their rivals. The debut album opened to a sold-out premiere this weekend.,Entertainment
Investors reacted cautiously to inflation affecting the retailer. Developers welcomed the robotics firm's decision to release a cloud computing platform. Engineers at the software company announced an autonomous delivery drone after three months of testing. Shares of the manufacturer moved after the firm cited rising interest rates.,Entertainment
The board of the conglomerate met to discuss a sharp drop in profits. Developers welcomed the cloud provider's decision to release a new artificial intelligence model. Engineers at the cloud provider announced a machine learning framework after several months of testing. Analysts linked a sharp drop in profits at the manufacturer to supply chain disruptions.,Business
The board of the conglomerate met to discuss a major merger. Investors reacted cautiously to inflation affecting the energy firm. The logistics company warned investors about an unexpected loss amid changing consumer habits. Shares of the airline moved after the firm cited changing consumer habits. A cybersecurity tool from the tech giant reported significant delays. The manufacturer announced a major merger in its latest earnings report.,Business
The board of the retailer met to discuss an unexpected loss. Developers welcomed the social media platform's decision to release a flagship smartphone. Engineers at the software company announced a new artificial intelligence model after two months of testing. The board of the bank met to discuss an unexpected loss. The startup scaled up production of a machine learning framework this week.,Technology
Investors reacted cautiously to rising interest rates affecting the retailer. Analysts say the startup could see strong developer interest following the release of a cloud computing platform. A flagship smartphone from the software company reported a security breach. The retailer announced an unexpected loss in its latest earnings report.,Business
Shares of the conglomerate moved after the firm cited increased competition. A new artificial intelligence model from the tech giant reported a security breach. Engineers at the startup announced a flagship smartphone after five months of testing. The social media platform confirmed significant delays linked to a new artificial intelligence model. Engineers at the robotics firm announced a cloud computing platform after five months of testing. The energy firm announced a major merger in its latest earnings report.,Technology
The startup unveiled a machine learning framework this week. Analysts say the startup could see strong developer interest following the release of an autonomous delivery drone. The startup confirmed a surge in user growth linked to a machine learning framework. Investors are watching the startup closely after strong developer interest.,Technology
The airline attributed strong consumer demand amid changing consumer habits. The finance minister defended the budget proposal during a press briefing. The cabinet is expected to vote on the trade agreement next month. Shares of the energy firm moved after the firm cited changing consumer habits. The parliament held emergency talks over the election law this week.,Politics
Critics highlighted mixed reviews following the release of the Broadway musical. Analysts expect the visiting club to reach the derby match this year. The streaming series opened to mixed reviews this weekend. The rookie team cruised to victory in the qualifying round. The league leaders will face tough opposition in the next the title decider.,Sports
The social media platform confirmed strong developer interest linked to a next-generation processor. Engineers at the software company announced a next-generation processor after a dozen months of testing. Developers welcomed the software company's decision to release a next-generation processor. The startup unveiled a next-generation processor this week.,Technology
The league leaders will face tough opposition in the next the qualifying round. The underdogs clinched a dramatic win in the qualifying round. The visiting club secured a narrow win in the derby match. The home side will face tough opposition in the next the season opener. Analysts expect the rookie team to reach the qualifying round this year.,Sports
Analysts say the startup could see a million downloads following the release of a next-generation processor. Investors reacted cautiously to supply chain disruptions affecting the airline. Investors are watching the software company closely after a million downloads. Analysts say the chipmaker could see a security breach following the release of a flagship smartphone. The energy firm announced rising shares in its latest earnings report.,Entertainment
Fans celebrated as the fashion designer surprised fans with the debut album. Reports say the television host is finalizing the awards ceremony after mixed reviews. The world tour opened to record ticket sales this weekend. The comedian surprised fans with the awards ceremony. The new film broke records with a top chart debut. The film director will appear in two new projects after the Broadway musical.,Entertainment
The board of the airline met to discuss a sharp drop in profits. The chipmaker confirmed record quarterly earnings linked to an autonomous delivery drone. Engineers at the tech giant announced a flagship smartphone after several months of testing. Analysts say the chipmaker could see a surge in user growth following the release of a new artificial intelligence model. Engineers at the chipmaker announced a next-generation processor after five months of testing. Developers welcomed the robotics firm's decision to release a next-generation processor.,Technology
Engineers at the chipmaker announced a new artificial intelligence model after two months of testing. The retailer announced strong consumer demand amid higher fuel costs. Shares of the logistics company moved after the firm cited rising interest rates. The chipmaker confirmed significant delays linked to a cybersecurity tool.,Business
Investors are watching the robotics firm closely after strong developer interest. The social media platform unveiled an autonomous delivery drone this week. A new artificial intelligence model from the startup reported significant delays. Shares of the manufacturer moved after the firm cited increased competition.,Business
The coach credited the goalkeeper for scoring seven goals this season. The rookie team will face tough opposition in the next the qualifying round. Analysts expect the visiting club to reach the qualifying round this year. The new film broke records with mixed reviews. Injuries to the goalkeeper could affect the national squad ahead of the season opener. Reports say the celebrity couple is finalizing the Broadway musical after strong box office numbers.,Sports
Critics highlighted a top chart debut following the release of the streaming series. The actor will appear in a dozen new projects after the awards ceremony. The Broadway musical opened to mixed reviews this weekend. The Broadway musical broke records with mixed reviews.,Entertainment
The league leaders cruised to victory in the international friendly. The coach credited the captain for scoring seven goals this season. Analysts expect the rookie team to reach the season opener this year. The veteran defender was the standout performer during the championship final. The world tour opened to a sold-out premiere this weekend. Critics highlighted mixed reviews following the release of the new film.,Entertainment
Analysts say the tech giant could see a security breach following the release of a cybersecurity tool. Analysts say the cloud provider could see a million downloads following the release of an autonomous delivery drone. Developers welcomed the tech giant's decision to release a new artificial intelligence model. The retailer announced strong consumer demand amid a new trade agreement. The airline revised forecasts because of a sharp drop in profits amid supply chain disruptions.,Technology
Investors are watching the chipmaker closely after significant delays. Developers welcomed the cloud provider's decision to release a next-generation processor. Engineers at the tech giant announced an autonomous delivery drone after five months of testing. The board of the manufacturer met to discuss a wave of layoffs.,Technology
The Broadway musical broke records with record ticket sales. Critics highlighted mixed reviews following the release of the streaming series. Analysts expect the rookie team to reach the international friendly this year. Reports say the film director is finalizing the Broadway musical after a top chart debut. Fans celebrated as the television host was confirmed to headline the debut album. Critics highlighted a viral social media moment following the release of the debut album.,Entertainment
Protesters gathered outside the cabinet to oppose the budget proposal. The national assembly is expected to vote on the healthcare reform next month. The foreign secretary called on the election commission to reconsider the constitutional amendment. The state governor called on the election commission to reconsider the constitutional amendment. Critics say the election law could face five legal challenges. The conglomerate attributed rising shares amid a new trade agreement. Critics say the new tax bill could face two legal challenges.,Politics
The national assembly faced criticism over the healthcare reform this week. The energy firm responded to an unexpected loss amid changing consumer habits. Critics say the immigration policy could face several legal challenges. The election commission is expected to vote on the trade agreement next month. The airline plans to open three new locations despite inflation. The airline plans to open a dozen new locations despite a new trade agreement.,Politics
Developers welcomed the tech giant's decision to release a machine learning framework. A cybersecurity tool from the robotics firm reported a security breach. Investors are watching the robotics firm closely after strong developer interest. Analysts say the startup could see significant delays following the release of an autonomous delivery drone. The software company confirmed a million downloads linked to an autonomous delivery drone. The conglomerate announced a sharp drop in profits in its latest earnings report.,Technology
The retailer plans to open a dozen new locations despite rising interest rates. The manufacturer reported strong consumer demand amid changing consumer habits. The retailer announced rising shares in its latest earnings report. Investors reacted cautiously to increased competition affecting the retailer. The airline announced an unexpected loss in its latest earnings report. The manufacturer announced rising shares in its latest earnings report. The airline revised forecasts because of a wave of layoffs amid increased competition.,Business
Developers welcomed the cloud provider's decision to release a flagship smartphone. The airline attributed a sharp drop in profits amid higher fuel costs. The social media platform recalled an autonomous delivery drone this week. The social media platform confirmed significant delays linked to a flagship smartphone. The chipmaker recalled an autonomous delivery drone this week. Engineers at the tech giant announced a cloud computing platform after five months of testing. The robotics firm confirmed a million downloads linked to a machine learning framework.,Technology
The robotics firm began testing a cybersecurity tool this week. The retailer plans to open three new locations despite increased competition. The retailer announced a sharp drop in profits in its latest earnings report. The energy firm announced record quarterly revenue in its latest earnings report. The conglomerate reported rising shares amid a new trade agreement.,Business
Critics say the healthcare reform could face two legal challenges. The cabinet held emergency talks over the immigration policy this week. The newly elected senator called on the national assembly to reconsider the healthcare reform. The election commission is expected to vote on the new tax bill next month. Protesters gathered outside the cabinet to oppose the constitutional amendment.,Politics
The cloud provider confirmed significant delays linked to an autonomous delivery drone. A new artificial intelligence model from the social media platform reported significant delays. The cloud provider confirmed strong developer interest linked to a next-generation processor. A new artificial intelligence model from the robotics firm reported record quarterly earnings. A new artificial intelligence model from the software company reported a security breach. A new artificial intelligence model from the startup reported a security breach. Investors are watching the software company closely after record quarterly earnings.,Technology
The logistics company plans to open two new locations despite rising interest rates. The board of the airline met to discuss a wave of layoffs. Shares of the bank moved after the firm cited supply chain disruptions. The finance minister defended the healthcare reform during a press briefing. Critics say the budget proposal could face a dozen legal challenges. Investors reacted cautiously to inflation affecting the airline.,Politics
The rookie team dominated from start to finish in the international friendly. Fans praised the striker after the defending champions cruised to victory. The new film broke records with mixed reviews. The league leaders clinched a dramatic win in the championship final. Injuries to the captain could affect the defending champions ahead of the season opener.,Sports
The bank plans to open three new locations despite a new trade agreement. The energy firm plans to open two new locations despite higher fuel costs. Analysts linked a wave of layoffs at the manufacturer to inflation. Investors are watching the tech giant closely after a surge in user growth.,Business
Engineers at the chipmaker announced a next-generation processor after five months of testing. Investors reacted cautiously to inflation affecting the retailer. The logistics company plans to open five new locations despite increased competition. The bank plans to open two new locations despite a new trade agreement.,Business
Protesters gathered outside the senate committee to oppose the budget proposal. The prime minister met with several foreign delegates to discuss the constitutional amendment. Protesters gathered outside the ruling coalition to oppose the immigration policy. The president defended the constitutional amendment during a press briefing. Investors reacted cautiously to changing consumer habits affecting the retailer. The president defended the constitutional amendment during a press briefing.,Politics
Analysts linked rising shares at the energy firm to higher fuel costs. The social media platform open-sourced a cybersecurity tool this week. Developers welcomed the tech giant's decision to release a machine learning framework. The retailer announced a sharp drop in profits in its latest earnings report. The board of the manufacturer met to discuss record quarterly revenue. The retailer plans to open a dozen new locations despite inflation.,Business
The television host will appear in five new projects after the world tour. The underdogs will face tough opposition in the next the playoff series. The coach credited the star forward for scoring a record five goals this season. The new film broke records with a viral social media moment.,Sports
The actor will appear in five new projects after the awards ceremony. Reports say the pop star is finalizing the debut album after a sold-out premiere. Reports say the celebrity couple is finalizing the documentary after a top chart debut. Critics highlighted record ticket sales following the release of the awards ceremony.,Entertainment
The software company open-sourced a cloud computing platform this week. Engineers at the software company announced a new artificial intelligence model after two months of testing. Developers welcomed the cloud provider's decision to release a machine learning framework. Developers welcomed the tech giant's decision to release a cybersecurity tool.,Technology
Analysts linked a sharp drop in profits at the retailer to inflation. The newly elected senator called on the national assembly to reconsider the election law. The senate committee postponed a decision on the healthcare reform this week. The logistics company announced an unexpected loss in its latest earnings report. Protesters gathered outside the senate committee to oppose the constitutional amendment.,Politics
Analysts say the social media platform could see strong developer interest following the release of a next-generation processor. The software company open-sourced a cloud computing platform this week. Analysts linked an unexpected loss at the retailer to higher fuel costs. The logistics company announced a major merger in its latest earnings report. A new artificial intelligence model from the tech giant reported record quarterly earnings. Investors are watching the chipmaker closely after significant delays.,Technology
The coach credited the captain for scoring two goals this season. Analysts expect the visiting club to reach the derby match this year. The national squad secured a narrow win in the playoff series. Analysts expect the underdogs to reach the derby match this year. The home side edged out their rivals in the qualifying round.,Sports
The board of the airline met to discuss a sharp drop in profits. Engineers at the chipmaker announced a cloud computing platform after a dozen months of testing. The software company confirmed a million downloads linked to a cloud computing platform. Developers welcomed the software company's decision to release an autonomous delivery drone.,Technology
Shares of the bank moved after the firm cited a new trade agreement. Engineers at the cloud provider announced a cybersecurity tool after five months of testing. The bank announced an unexpected loss amid higher fuel costs. Analysts linked an unexpected loss at the airline to inflation. Analysts linked strong consumer demand at the energy firm to changing consumer habits. Engineers at the tech giant announced a machine learning framework after five months of testing. The chipmaker confirmed a surge in user growth linked to a cloud computing platform.,Technology
The fashion designer will appear in two new projects after the debut album. The rookie team dominated from start to finish in the derby match. The television host celebrated the success of the awards ceremony. The fashion designer received widespread praise for the world tour. Injuries to the new signing could affect the league leaders ahead of the playoff series. The celebrity couple will appear in five new projects after the awards ceremony. The new film opened to record ticket sales this weekend.,Entertainment
The board of the bank met to discuss a wave of layoffs. The opposition leader defended the new tax bill during a press briefing. The state governor defended the immigration policy during a press briefing. Protesters gathered outside the regional council to oppose the constitutional amendment. Critics say the constitutional amendment could face five legal challenges.,Politics
The board of the energy firm met to discuss strong consumer demand. The conglomerate announced a major merger amid higher fuel costs. Critics say the election law could face three legal challenges. The opposition leader met with several foreign delegates to discuss the constitutional amendment. The foreign secretary met with several foreign delegates to discuss the election law. The airline announced a sharp drop in profits in its latest earnings report.,Politics
The television host received widespread praise for the debut album. The league leaders will face tough opposition in the next the title decider. Analysts expect the home side to reach the playoff series this year. The captain was the standout performer during the title decider. The coach credited the veteran defender for scoring four goals this season. The television host faced criticism over the Broadway musical. The visiting club cruised to victory in the title decider.,Sports
Fans praised the star forward after the home side came from behind to triumph. The star forward was the standout performer during the qualifying round. Injuries to the new signing could affect the rookie team ahead of the international friendly. The national squad edged out their rivals in the international friendly. Analysts expect the visiting club to reach the championship final this year.,Sports
Analysts linked strong consumer demand at the logistics company to changing consumer habits. The tech giant confirmed a security breach linked to a new artificial intelligence model. Investors are watching the tech giant closely after a million downloads. Developers welcomed the social media platform's decision to release a machine learning framework. The startup scaled up production of an autonomous delivery drone this week. The energy firm announced a wave of layoffs in its latest earnings report.,Technology
A next-generation processor from the startup reported a surge in user growth. Investors are watching the robotics firm closely after a million downloads. The chipmaker confirmed strong developer interest linked to an autonomous delivery drone. The software company confirmed strong developer interest linked to a new artificial intelligence model. Investors reacted cautiously to inflation affecting the manufacturer. Engineers at the startup announced a cybersecurity tool after two months of testing. The logistics company announced rising shares in its latest earnings report.,Business
Analysts say the robotics firm could see a surge in user growth following the release of a flagship smartphone. The chipmaker confirmed significant delays linked to a cybersecurity tool. Engineers at the social media platform announced a cloud computing platform after two months of testing. The social media platform released a major update to a new artificial intelligence model this week.,Technology
Shares of the bank moved after the firm cited higher fuel costs. Developers welcomed the software company's decision to release a cloud computing platform. The cloud provider confirmed record quarterly earnings linked to a flagship smartphone. Investors are watching the robotics firm closely after a million downloads. Engineers at the social media platform announced a machine learning framework after two months of testing. Analysts linked record quarterly revenue at the retailer to a new trade agreement. Shares of the energy firm moved after the firm cited inflation.,Business
Critics say the immigration policy could face two legal challenges. Protesters gathered outside the ruling coalition to oppose the election law. The senate committee is expected to vote on the constitutional amendment next month. The finance minister met with several foreign delegates to discuss the budget proposal. The opposition leader defended the budget proposal during a press briefing. The logistics company attributed record quarterly revenue amid higher fuel costs.,Politics
Fans praised the striker after the home side cruised to victory. Reports say the comedian is finalizing the debut album after record ticket sales. Fans praised the new signing after the national squad dominated from start to finish. Critics highlighted a top chart debut following the release of the debut album. Injuries to the new signing could affect the league leaders ahead of the derby match.,Entertainment
The airline plans to open five new locations despite inflation. The board of the retailer met to discuss a major merger. Engineers at the social media platform announced a machine learning framework after five months of testing. Investors reacted cautiously to higher fuel costs affecting the logistics company. Shares of the retailer moved after the firm cited a new trade agreement.,Business
The television host will appear in three new projects after the world tour. The world tour broke records with a sold-out premiere. The home side cruised to victory in the season opener. The league leaders came from behind to triumph in the title decider. The pop star will appear in a dozen new projects after the streaming series. The new signing was the standout performer during the qualifying round.,Sports
The board of the conglomerate met to discuss record quarterly revenue. The logistics company announced an unexpected loss in its latest earnings report. Investors reacted cautiously to supply chain disruptions affecting the manufacturer. Investors are watching the tech giant closely after record quarterly earnings. Analysts linked a major merger at the retailer to supply chain disruptions. Shares of the bank moved after the firm cited rising interest rates.,Business
An autonomous delivery drone from the startup reported a million downloads. Analysts say the tech giant could see significant delays following the release of a next-generation processor. The manufacturer announced a wave of layoffs in its latest earnings report. The airline plans to open two new locations despite rising interest rates.,Sports
Analysts expect the underdogs to reach the derby match this year. Reports say the celebrity couple is finalizing the debut album after strong box office numbers. Reports say the pop star is finalizing the Broadway musical after a sold-out premiere. The coach credited the striker for scoring four goals this season. The captain was the standout performer during the playoff series.,Sports
The logistics company plans to open three new locations despite rising interest rates. The robotics firm confirmed record quarterly earnings linked to a machine learning framework. The tech giant confirmed a surge in user growth linked to an autonomous delivery drone. The retailer plans to open three new locations despite increased competition. The board of the logistics company met to discuss rising shares. The manufacturer warned investors about an unexpected loss amid inflation.,Business
The national squad will face tough opposition in the next the season opener. Injuries to the new signing could affect the home side ahead of the derby match. Injuries to the young midfielder could affect the defending champions ahead of the international friendly. Analysts expect the rookie team to reach the playoff series this year. The film director announced plans for the Broadway musical. Reports say the comedian is finalizing the awards ceremony after strong box office numbers. The league leaders secured a narrow win in the title decider.,Sports
Fans praised the striker after the underdogs dominated from start to finish. Critics highlighted a viral social media moment following the release of the documentary. Analysts expect the home side to reach the title decider this year. The veteran defender was the standout performer during the title decider. Fans celebrated as the film director announced plans for the awards ceremony. The coach credited the captain for scoring seven goals this season. Analysts expect the national squad to reach the international friendly this year.,Sports
The coach credited the captain for scoring four goals this season. The coach credited the veteran defender for scoring three goals this season. Analysts expect the league leaders to reach the international friendly this year. Fans celebrated as the comedian celebrated the success of the documentary. The coach credited the veteran defender for scoring two goals this season.,Sports
The bank responded to a wave of layoffs amid a new trade agreement. The board of the retailer met to discuss rising shares. The logistics company announced rising shares in its latest earnings report. Analysts linked rising shares at the airline to changing consumer habits. The airline announced a sharp drop in profits in its latest earnings report.,Business
A new artificial intelligence model from the chipmaker reported significant delays. Investors are watching the cloud provider closely after significant delays. Analysts say the cloud provider could see significant delays following the release of a new artificial intelligence model. The cloud provider began testing an autonomous delivery drone this week.,Technology
The ruling coalition is expected to vote on the trade agreement next month. The airline announced a sharp drop in profits in its latest earnings report. The retailer plans to open five new locations despite higher fuel costs. The finance minister met with two foreign delegates to discuss the budget proposal.,Politics
The awards ceremony opened to a viral social media moment this weekend. Injuries to the young midfielder could affect the defending champions ahead of the season opener. The defending champions will face tough opposition in the next the championship final. Injuries to the star forward could affect the rookie team ahead of the derby match. Fans praised the captain after the home side secured a narrow win. The goalkeeper was the standout performer during the derby match. Analysts expect the home side to reach the qualifying round this year.,Sports
The star forward was the standout performer during the playoff series. Fans praised the captain after the defending champions clinched a dramatic win. Analysts expect the visiting club to reach the international friendly this year. The national squad will face tough opposition in the next the title decider. Injuries to the young midfielder could affect the league leaders ahead of the season opener. Fans praised the young midfielder after the rookie team edged out their rivals.,Sports
The opposition leader met with a dozen foreign delegates to discuss the constitutional amendment. The prime minister met with five foreign delegates to discuss the trade agreement. The regional council voted narrowly to pass the trade agreement this week. The opposition leader defended the election law during a press briefing. The opposition leader defended the healthcare reform during a press briefing. The conglomerate announced a major merger in its latest earnings report. Critics say the new tax bill could face several legal challenges.,Politics
The actor received widespread praise for the new film. Critics highlighted mixed reviews following the release of the debut album. Critics highlighted a sold-out premiere following the release of the streaming series. The actor will appear in five new projects after the new film. Reports say the fashion designer is finalizing the world tour after record ticket sales.,Entertainment
Engineers at the social media platform announced an autonomous delivery drone after a dozen months of testing. Investors reacted cautiously to rising interest rates affecting the logistics company. Shares of the conglomerate moved after the firm cited changing consumer habits. Investors are watching the social media platform closely after a surge in user growth. Investors reacted cautiously to inflation affecting the manufacturer.,Business
The Broadway musical opened to a top chart debut this weekend. The home side came from behind to triumph in the qualifying round. The world tour broke records with a top chart debut. The documentary broke records with a viral social media moment. Reports say the celebrity couple is finalizing the awards ceremony after record ticket sales. Analysts expect the league leaders to reach the qualifying round this year.,Entertainment
The goalkeeper was the standout performer during the international friendly. Analysts expect the league leaders to reach the season opener this year. The star forward was the standout performer during the title decider. Injuries to the veteran defender could affect the rookie team ahead of the international friendly.,Sports
Reports say the television host is finalizing the world tour after mixed reviews. The Broadway musical opened to a sold-out premiere this weekend. The new film broke records with strong box office numbers. The world tour opened to a sold-out premiere this weekend.,Entertainment
The logistics company announced a sharp drop in profits in its latest earnings report. The cloud provider confirmed record quarterly earnings linked to a cloud computing platform. Investors are watching the social media platform closely after record quarterly earnings. The manufacturer revised forecasts because of record quarterly revenue amid supply chain disruptions. The logistics company announced a wave of layoffs in its latest earnings report. An autonomous delivery drone from the software company reported record quarterly earnings.,Business
Injuries to the striker could affect the defending champions ahead of the international friendly. The celebrity couple faced criticism over the debut album. The new signing was the standout performer during the playoff series. The coach credited the veteran defender for scoring four goals this season. Analysts expect the national squad to reach the qualifying round this year. Injuries to the striker could affect the defending champions ahead of the playoff series.,Entertainment
Critics highlighted a viral social media moment following the release of the new film. The debut album opened to record ticket sales this weekend. Analysts expect the national squad to reach the qualifying round this year. The awards ceremony broke records with mixed reviews.,Entertainment
Shares of the logistics company moved after the firm cited a new trade agreement. The chipmaker confirmed record quarterly earnings linked to a next-generation processor. The board of the logistics company met to discuss record quarterly revenue. Investors reacted cautiously to higher fuel costs affecting the logistics company. Engineers at the tech giant announced an autonomous delivery drone after a dozen months of testing.,Business
The television host will appear in five new projects after the new film. Reports say the actor is finalizing the awards ceremony after a viral social media moment. The comedian celebrated the success of the debut album. The debut album broke records with record ticket sales. Critics highlighted record ticket sales following the release of the Broadway musical. Injuries to the veteran defender could affect the underdogs ahead of the international friendly. The underdogs edged out their rivals in the playoff series.,Sports
Engineers at the robotics firm announced an autonomous delivery drone after three months of testing. A cloud computing platform from the social media platform reported record quarterly earnings. The tech giant began testing an autonomous delivery drone this week. The cloud provider began testing a cloud computing platform this week. The airline announced strong consumer demand in its latest earnings report. The chipmaker confirmed strong developer interest linked to a new artificial intelligence model. Analysts say the social media platform could see strong developer interest following the release of a new artificial intelligence model.,Technology
Shares of the logistics company moved after the firm cited increased competition. Developers welcomed the chipmaker's decision to release a new artificial intelligence model. The energy firm announced rising shares in its latest earnings report. The board of the retailer met to discuss a major merger.,Business
The national assembly postponed a decision on the constitutional amendment this week. The ruling coalition held emergency talks over the trade agreement this week. Critics say the trade agreement could face three legal challenges. The parliament is expected to vote on the budget proposal next month. The finance minister defended the trade agreement during a press briefing. The bank responded to a wave of layoffs amid increased competition.,Politics
Injuries to the striker could affect the league leaders ahead of the playoff series. Fans praised the striker after the home side edged out their rivals. The film director faced criticism over the world tour. The rookie team will face tough opposition in the next the qualifying round. Fans celebrated as the fashion designer surprised fans with the streaming series.,Sports
The star forward was the standout performer during the qualifying round. The visiting club will face tough opposition in the next the championship final. The comedian celebrated the success of the debut album. The rookie team cruised to victory in the international friendly. Injuries to the star forward could affect the home side ahead of the playoff series. Fans praised the captain after the rookie team dominated from start to finish.,Sports
The bank announced rising shares in its latest earnings report. The conglomerate announced a sharp drop in profits in its latest earnings report. Investors reacted cautiously to higher fuel costs affecting the energy firm. The retailer plans to open a dozen new locations despite supply chain disruptions. The board of the energy firm met to discuss a sharp drop in profits. Shares of the retailer moved after the firm cited supply chain disruptions. The board of the conglomerate met to discuss record quarterly revenue.,Business
The awards ceremony opened to a viral social media moment this weekend. Analysts expect the visiting club to reach the international friendly this year. The national squad will face tough opposition in the next the international friendly. The underdogs will face tough opposition in the next the qualifying round. Analysts expect the defending champions to reach the derby match this year. Fans praised the new signing after the rookie team edged out their rivals. The young midfielder was the standout performer during the international friendly.,Sports
Developers welcomed the robotics firm's decision to release a next-generation processor. Analysts say the robotics firm could see a million downloads following the release of a flagship smartphone. Investors are watching the chipmaker closely after a million downloads. Investors are watching the startup closely after strong developer interest. Analysts say the tech giant could see a surge in user growth following the release of a cybersecurity tool. The software company confirmed a security breach linked to a new artificial intelligence model.,Technology
The defending champions secured a narrow win in the title decider. The world tour broke records with record ticket sales. Analysts expect the rookie team to reach the derby match this year. Critics highlighted a sold-out premiere following the release of the streaming series. The visiting club clinched a dramatic win in the season opener.,Sports
The league leaders clinched a dramatic win in the title decider. Fans celebrated as the fashion designer was confirmed to headline the awards ceremony. The visiting club clinched a dramatic win in the qualifying round. Critics highlighted record ticket sales following the release of the world tour. The defending champions will face tough opposition in the next the title decider. The coach credited the striker for scoring a record five goals this season.,Sports
The energy firm announced rising shares in its latest earnings report. Investors reacted cautiously to a new trade agreement affecting the retailer. Investors reacted cautiously to rising interest rates affecting the airline. Analysts linked an unexpected loss at the energy firm to inflation. The airline plans to open two new locations despite increased competition.,Business
Investors reacted cautiously to supply chain disruptions affecting the logistics company. A cybersecurity tool from the social media platform reported a security breach. The robotics firm patched a critical flaw in a cloud computing platform this week. Engineers at the chipmaker announced a flagship smartphone after several months of testing. Investors are watching the social media platform closely after significant delays. The robotics firm began testing a next-generation processor this week.,Technology
Fans celebrated as the television host announced plans for the awards ceremony. Fans praised the captain after the home side came from behind to triumph. The home side will face tough opposition in the next the derby match. The home side secured a narrow win in the international friendly. Critics highlighted mixed reviews following the release of the streaming series. Fans celebrated as the television host faced criticism over the Broadway musical.,Sports
The chipmaker patched a critical flaw in an autonomous delivery drone this week. Analysts linked rising shares at the airline to rising interest rates. Analysts say the startup could see a surge in user growth following the release of a cloud computing platform. Shares of the bank moved after the firm cited supply chain disruptions. Analysts say the software company could see a security breach following the release of a new artificial intelligence model.,Technology
Analysts expect the underdogs to reach the international friendly this year. The film director received widespread praise for the world tour. Critics highlighted record ticket sales following the release of the documentary. The actor will appear in two new projects after the streaming series. The comedian will appear in five new projects after the debut album.,Entertainment
A machine learning framework from the chipmaker reported a security breach. A new artificial intelligence model from the tech giant reported significant delays. The bank announced a sharp drop in profits amid a new trade agreement. Investors are watching the startup closely after strong developer interest. Investors are watching the tech giant closely after significant delays. The board of the airline met to discuss a major merger.,Technology
Analysts say the startup could see a security breach following the release of an autonomous delivery drone. The bank warned investors about strong consumer demand amid a new trade agreement. Analysts linked a wave of layoffs at the airline to supply chain disruptions. Shares of the bank moved after the firm cited supply chain disruptions.,Business
Analysts linked a major merger at the logistics company to supply chain disruptions. The software company recalled a machine learning framework this week. Developers welcomed the robotics firm's decision to release an autonomous delivery drone. A next-generation processor from the startup reported a security breach.,Technology
Developers welcomed the robotics firm's decision to release an autonomous delivery drone. The board of the airline met to discuss an unexpected loss. The logistics company plans to open two new locations despite supply chain disruptions. Analysts say the robotics firm could see strong developer interest following the release of a machine learning framework. Developers welcomed the robotics firm's decision to release a next-generation processor.,Technology
Critics highlighted a viral social media moment following the release of the Broadway musical. The goalkeeper was the standout performer during the qualifying round. Analysts expect the home side to reach the derby match this year. Analysts expect the national squad to reach the season opener this year. The star forward was the standout performer during the international friendly.,Sports
The president met with two foreign delegates to discuss the election law. The energy firm reported a sharp drop in profits amid changing consumer habits. The parliament faced criticism over the healthcare reform this week. Protesters gathered outside the cabinet to oppose the election law. The board of the airline met to discuss a sharp drop in profits. Critics say the healthcare reform could face two legal challenges.,Politics
Critics say the immigration policy could face several legal challenges. The state governor met with three foreign delegates to discuss the trade agreement. The state governor met with two foreign delegates to discuss the budget proposal. The president called on the ruling coalition to reconsider the immigration policy. The regional council released a statement about the budget proposal this week.,Politics
Investors are watching the social media platform closely after a security breach. Developers welcomed the robotics firm's decision to release a next-generation processor. Shares of the conglomerate moved after the firm cited a new trade agreement. Analysts linked a major merger at the airline to increased competition. The logistics company announced record quarterly revenue in its latest earnings report. A new artificial intelligence model from the robotics firm reported a security breach. The airline announced a wave of layoffs in its latest earnings report.,Technology
A flagship smartphone from the chipmaker reported significant delays. Analysts linked record quarterly revenue at the bank to increased competition. Analysts linked an unexpected loss at the manufacturer to a new trade agreement. Analysts linked a wave of layoffs at the manufacturer to increased competition.,Business
The defending champions will face tough opposition in the next the championship final. Injuries to the new signing could affect the defending champions ahead of the title decider. The young midfielder was the standout performer during the qualifying round. The coach credited the new signing for scoring three goals this season. The national squad secured a narrow win in the playoff series. The national squad will face tough opposition in the next the derby match.,Sports
Injuries to the goalkeeper could affect the visiting club ahead of the title decider. The rookie team secured a narrow win in the championship final. The defending champions will face tough opposition in the next the qualifying round. The film director surprised fans with the awards ceremony.,Sports
The awards ceremony broke records with a sold-out premiere. Critics highlighted strong box office numbers following the release of the documentary. Analysts expect the home side to reach the derby match this year. The coach credited the goalkeeper for scoring seven goals this season. The awards ceremony opened to mixed reviews this weekend. The visiting club dominated from start to finish in the derby match.,Sports
The opposition leader met with five foreign delegates to discuss the healthcare reform. The newly elected senator called on the national assembly to reconsider the new tax bill. The state governor called on the parliament to reconsider the budget proposal. The airline announced record quarterly revenue in its latest earnings report. Critics say the budget proposal could face five legal challenges. The newly elected senator called on the national assembly to reconsider the election law.,Politics
Analysts linked a sharp drop in profits at the retailer to changing consumer habits. The energy firm plans to open five new locations despite a new trade agreement. The state governor defended the healthcare reform during a press briefing. The airline attributed record quarterly revenue amid increased competition. Investors reacted cautiously to rising interest rates affecting the energy firm. Critics say the healthcare reform could face a dozen legal challenges.,Sports
Fans praised the striker after the visiting club clinched a dramatic win. Fans praised the goalkeeper after the defending champions secured a narrow win. Fans praised the goalkeeper after the defending champions came from behind to triumph. The national squad will face tough opposition in the next the title decider. Reports say the comedian is finalizing the new film after a sold-out premiere. The debut album opened to a viral social media moment this weekend. The pop star will appear in several new projects after the new film.,Sports
The prime minister called on the regional council to reconsider the election law. The opposition leader defended the budget proposal during a press briefing. The prime minister called on the cabinet to reconsider the new tax bill. Investors reacted cautiously to rising interest rates affecting the bank. The newly elected senator met with five foreign delegates to discuss the constitutional amendment. Protesters gathered outside the cabinet to oppose the new tax bill. The state governor called on the national assembly to reconsider the constitutional amendment.,Politics
Investors are watching the social media platform closely after strong developer interest. Analysts linked rising shares at the logistics company to rising interest rates. Analysts say the startup could see a security breach following the release of a next-generation processor. The manufacturer warned investors about a major merger amid increased competition. The logistics company plans to open three new locations despite inflation.,Business
The board of the logistics company met to discuss rising shares. The conglomerate announced rising shares in its latest earnings report. Analysts linked strong consumer demand at the airline to a new trade agreement. Developers welcomed the tech giant's decision to release a cloud computing platform. The board of the manufacturer met to discuss an unexpected loss. Analysts linked an unexpected loss at the retailer to supply chain disruptions. The airline plans to open five new locations despite higher fuel costs.,Business
The actor will appear in five new projects after the documentary. The television host will appear in a dozen new projects after the streaming series. Injuries to the veteran defender could affect the home side ahead of the playoff series. The new film broke records with mixed reviews. Critics highlighted a viral social media moment following the release of the world tour. The new film opened to strong box office numbers this weekend.,Entertainment
Developers welcomed the startup's decision to release a new artificial intelligence model. The tech giant confirmed strong developer interest linked to an autonomous delivery drone. Engineers at the software company announced a flagship smartphone after a dozen months of testing. Engineers at the software company announced a cybersecurity tool after several months of testing. A cloud computing platform from the cloud provider reported a security breach. The startup confirmed a security breach linked to a new artificial intelligence model. Developers welcomed the cloud provider's decision to release an autonomous delivery drone.,Technology
The manufacturer announced record quarterly revenue in its latest earnings report. Investors reacted cautiously to changing consumer habits affecting the airline. The board of the energy firm met to discuss record quarterly revenue. Analysts linked rising shares at the bank to higher fuel costs.,Business
The retailer responded to record quarterly revenue amid a new trade agreement. Engineers at the startup announced a flagship smartphone after several months of testing. The retailer reported a sharp drop in profits amid supply chain disruptions. Engineers at the tech giant announced a cybersecurity tool after three months of testing. The tech giant unveiled a cloud computing platform this week. The startup confirmed a surge in user growth linked to a cybersecurity tool. The retailer announced rising shares in its latest earnings report.,Technology
Analysts expect the home side to reach the title decider this year. The coach credited the star forward for scoring a record five goals this season. The debut album opened to strong box office numbers this weekend. Analysts expect the home side to reach the championship final this year. The rookie team secured a narrow win in the qualifying round. The national squad will face tough opposition in the next the season opener.,Sports
The home side secured a narrow win in the title decider. The television host received widespread praise for the debut album. Reports say the actor is finalizing the streaming series after mixed reviews. Reports say the celebrity couple is finalizing the Broadway musical after a sold-out premiere.,Entertainment
The election commission is expected to vote on the new tax bill next month. Critics say the election law could face three legal challenges. The board of the bank met to discuss an unexpected loss. The newly elected senator called on the cabinet to reconsider the immigration policy. The election commission held emergency talks over the healthcare reform this week. Critics say the constitutional amendment could face three legal challenges. Protesters gathered outside the senate committee to oppose the election law.,Politics
Investors reacted cautiously to a new trade agreement affecting the energy firm. The airline announced a wave of layoffs in its latest earnings report. Engineers at the social media platform announced a new artificial intelligence model after a dozen months of testing. The board of the bank met to discuss strong consumer demand. Analysts linked record quarterly revenue at the manufacturer to higher fuel costs.,Business
Developers welcomed the tech giant's decision to release a new artificial intelligence model. The airline attributed a major merger amid changing consumer habits. A machine learning framework from the robotics firm reported a security breach. Engineers at the robotics firm announced a cloud computing platform after a dozen months of testing. Analysts say the tech giant could see record quarterly earnings following the release of a machine learning framework. Investors reacted cautiously to a new trade agreement affecting the airline.,Business
The league leaders dominated from start to finish in the championship final. The coach credited the striker for scoring a record five goals this season. Reports say the television host is finalizing the documentary after record ticket sales. Critics highlighted strong box office numbers following the release of the awards ceremony. The star forward was the standout performer during the international friendly.,Entertainment
The energy firm responded to record quarterly revenue amid rising interest rates. The cabinet held emergency talks over the constitutional amendment this week. The ruling coalition faced criticism over the budget proposal this week. The ruling coalition is expected to vote on the new tax bill next month. The board of the manufacturer met to discuss a wave of layoffs. The state governor defended the healthcare reform during a press briefing. The cabinet is expected to vote on the budget proposal next month.,Politics
A machine learning framework from the cloud provider reported a security breach. Developers welcomed the social media platform's decision to release an autonomous delivery drone. Developers welcomed the startup's decision to release a new artificial intelligence model. Investors reacted cautiously to changing consumer habits affecting the energy firm. The tech giant unveiled an autonomous delivery drone this week. A cybersecurity tool from the robotics firm reported a surge in user growth.,Technology
The board of the airline met to discuss a wave of layoffs. The software company confirmed a million downloads linked to a next-generation processor. The energy firm announced an unexpected loss in its latest earnings report. The retailer plans to open three new locations despite increased competition.,Business
Analysts linked a major merger at the bank to inflation. Investors reacted cautiously to changing consumer habits affecting the airline. The bank warned investors about strong consumer demand amid supply chain disruptions. Investors are watching the robotics firm closely after a surge in user growth. Shares of the conglomerate moved after the firm cited higher fuel costs. Investors reacted cautiously to a new trade agreement affecting the logistics company. The board of the airline met to discuss rising shares.,Business
The pop star will appear in three new projects after the debut album. Reports say the actor is finalizing the Broadway musical after mixed reviews. The documentary opened to record ticket sales this weekend. Critics highlighted a viral social media moment following the release of the debut album. The new film opened to a viral social media moment this weekend. The celebrity couple celebrated the success of the documentary.,Entertainment
The logistics company announced a wave of layoffs in its latest earnings report. Analysts linked a major merger at the retailer to higher fuel costs. The retailer plans to open several new locations despite increased competition. Investors are watching the tech giant closely after record quarterly earnings. The board of the manufacturer met to discuss a sharp drop in profits. Analysts linked rising shares at the manufacturer to rising interest rates. Analysts say the tech giant could see record quarterly earnings following the release of a cybersecurity tool.,Business
The energy firm plans to open three new locations despite supply chain disruptions. The board of the logistics company met to discuss record quarterly revenue. The board of the energy firm met to discuss strong consumer demand. Investors reacted cautiously to higher fuel costs affecting the conglomerate. The conglomerate reported strong consumer demand amid increased competition. Shares of the conglomerate moved after the firm cited supply chain disruptions. The logistics company announced strong consumer demand in its latest earnings report.,Business
The actor was confirmed to headline the streaming series. The debut album broke records with a top chart debut. The coach credited the goalkeeper for scoring a record five goals this season. The comedian will appear in three new projects after the world tour. Critics highlighted record ticket sales following the release of the new film. The television host will appear in three new projects after the Broadway musical.,Entertainment
The star forward was the standout performer during the qualifying round. The league leaders will face tough opposition in the next the season opener. The young midfielder was the standout performer during the playoff series. Fans celebrated as the comedian surprised fans with the documentary. The world tour broke records with a sold-out premiere. Fans praised the striker after the underdogs secured a narrow win. The new signing was the standout performer during the championship final.,Sports
The national assembly voted narrowly to pass the new tax bill this week. The finance minister met with three foreign delegates to discuss the trade agreement. The ruling coalition is expected to vote on the immigration policy next month. The regional council is expected to vote on the new tax bill next month.,Politics
Investors reacted cautiously to changing consumer habits affecting the logistics company. Analysts linked strong consumer demand at the energy firm to higher fuel costs. Analysts linked record quarterly revenue at the airline to increased competition. The manufacturer announced strong consumer demand in its latest earnings report. The board of the conglomerate met to discuss a sharp drop in profits. The conglomerate announced a sharp drop in profits in its latest earnings report.,Business
The retailer announced record quarterly revenue in its latest earnings report. Engineers at the cloud provider announced a machine learning framework after five months of testing. The energy firm plans to open a dozen new locations despite changing consumer habits. The manufacturer revised forecasts because of record quarterly revenue amid higher fuel costs. The board of the conglomerate met to discuss an unexpected loss.,Business
A cybersecurity tool from the robotics firm reported significant delays. Analysts say the chipmaker could see strong developer interest following the release of a next-generation processor. The board of the energy firm met to discuss a major merger. The retailer plans to open a dozen new locations despite rising interest rates.,Business
The film director faced criticism over the debut album. The awards ceremony opened to record ticket sales this weekend. Critics highlighted strong box office numbers following the release of the world tour. The awards ceremony broke records with record ticket sales. Analysts expect the underdogs to reach the season opener this year. Analysts expect the defending champions to reach the playoff series this year.,Entertainment
Critics highlighted strong box office numbers following the release of the awards ceremony. Injuries to the young midfielder could affect the visiting club ahead of the international friendly. Analysts expect the rookie team to reach the international friendly this year. The underdogs secured a narrow win in the title decider. The actor faced criticism over the world tour.,Sports
Developers welcomed the social media platform's decision to release a new artificial intelligence model. A cybersecurity tool from the tech giant reported strong developer interest. The chipmaker patched a critical flaw in a new artificial intelligence model this week. Investors are watching the robotics firm closely after a surge in user growth.,Technology
Developers welcomed the chipmaker's decision to release a machine learning framework. The board of the conglomerate met to discuss rising shares. The logistics company announced strong consumer demand in its latest earnings report. Investors reacted cautiously to rising interest rates affecting the retailer. Analysts linked strong consumer demand at the retailer to inflation. Analysts linked record quarterly revenue at the energy firm to rising interest rates.,Business
The streaming series opened to a top chart debut this weekend. The underdogs came from behind to triumph in the qualifying round. The national squad will face tough opposition in the next the title decider. The awards ceremony opened to a viral social media moment this weekend.,Sports
The prime minister met with two foreign delegates to discuss the new tax bill. The newly elected senator met with three foreign delegates to discuss the new tax bill. Investors reacted cautiously to supply chain disruptions affecting the bank. The prime minister called on the cabinet to reconsider the new tax bill. The board of the retailer met to discuss an unexpected loss. The energy firm announced a sharp drop in profits amid supply chain disruptions. The retailer announced record quarterly revenue in its latest earnings report.,Politics
A new artificial intelligence model from the chipmaker reported strong developer interest. A flagship smartphone from the robotics firm reported record quarterly earnings. Developers welcomed the chipmaker's decision to release a new artificial intelligence model. Developers welcomed the chipmaker's decision to release a machine learning framework. Developers welcomed the cloud provider's decision to release an autonomous delivery drone. A cloud computing platform from the social media platform reported a surge in user growth. Engineers at the social media platform announced a cybersecurity tool after three months of testing.,Technology
The logistics company reported a sharp drop in profits amid changing consumer habits. The tech giant confirmed record quarterly earnings linked to a flagship smartphone. The chipmaker unveiled a new artificial intelligence model this week. Investors reacted cautiously to rising interest rates affecting the conglomerate. Engineers at the chipmaker announced a cybersecurity tool after two months of testing. Shares of the conglomerate moved after the firm cited inflation. Analysts say the chipmaker could see significant delays following the release of a cloud computing platform.,Technology
The parliament faced criticism over the constitutional amendment this week. The finance minister met with a dozen foreign delegates to discuss the immigration policy. Shares of the bank moved after the firm cited a new trade agreement. The ruling coalition is expected to vote on the immigration policy next month.,Politics
Reports say the actor is finalizing the Broadway musical after mixed reviews. The new film opened to a top chart debut this weekend. Reports say the pop star is finalizing the Broadway musical after a viral social media moment. Reports say the pop star is finalizing the Broadway musical after strong box office numbers. Fans celebrated as the fashion designer announced plans for the debut album. Analysts expect the rookie team to reach the international friendly this year. The new film broke records with strong box office numbers.,Entertainment
Analysts linked a major merger at the logistics company to supply chain disruptions. The social media platform confirmed a surge in user growth linked to a machine learning framework. The bank revised forecasts because of rising shares amid changing consumer habits. The conglomerate responded to a wave of layoffs amid rising interest rates. Analysts linked a major merger at the retailer to rising interest rates. The board of the conglomerate met to discuss an unexpected loss. The board of the manufacturer met to discuss strong consumer demand.,Business
The fashion designer announced plans for the streaming series. Fans celebrated as the actor surprised fans with the streaming series. The new film broke records with a viral social media moment. Critics highlighted a top chart debut following the release of the Broadway musical. Reports say the actor is finalizing the new film after strong box office numbers. Reports say the television host is finalizing the world tour after a sold-out premiere.,Entertainment
The defending champions dominated from start to finish in the title decider. Reports say the celebrity couple is finalizing the debut album after record ticket sales. The celebrity couple will appear in several new projects after the new film. The underdogs edged out their rivals in the derby match. Critics highlighted a top chart debut following the release of the new film. The new film broke records with mixed reviews. Critics highlighted strong box office numbers following the release of the world tour.,Entertainment
The coach credited the captain for scoring three goals this season. Fans praised the young midfielder after the defending champions dominated from start to finish. Reports say the comedian is finalizing the Broadway musical after a viral social media moment. The defending champions secured a narrow win in the qualifying round. The league leaders will face tough opposition in the next the qualifying round.,Sports
Protesters gathered outside the national assembly to oppose the immigration policy. The foreign secretary defended the trade agreement during a press briefing. Investors reacted cautiously to changing consumer habits affecting the retailer. The board of the manufacturer met to discuss a major merger. Analysts linked a sharp drop in profits at the manufacturer to higher fuel costs.,Politics
The bank announced a major merger in its latest earnings report. The president called on the election commission to reconsider the constitutional amendment. The newly elected senator met with three foreign delegates to discuss the immigration policy. Critics say the constitutional amendment could face two legal challenges. The finance minister defended the healthcare reform during a press briefing. Shares of the retailer moved after the firm cited inflation. The opposition leader called on the senate committee to reconsider the healthcare reform.,Politics
Critics highlighted mixed reviews following the release of the debut album. Injuries to the new signing could affect the underdogs ahead of the qualifying round. Reports say the celebrity couple is finalizing the awards ceremony after a sold-out premiere. The celebrity couple will appear in five new projects after the Broadway musical.,Entertainment
Injuries to the captain could affect the national squad ahead of the title decider. The comedian will appear in several new projects after the streaming series. The defending champions edged out their rivals in the playoff series. The star forward was the standout performer during the qualifying round. Fans celebrated as the comedian celebrated the success of the world tour. Fans praised the striker after the underdogs clinched a dramatic win.,Business
Protesters gathered outside the senate committee to oppose the immigration policy. The opposition leader met with a dozen foreign delegates to discuss the healthcare reform. Critics say the immigration policy could face two legal challenges. The conglomerate announced a sharp drop in profits in its latest earnings report. The foreign secretary defended the budget proposal during a press briefing. The president defended the constitutional amendment during a press briefing. The regional council is expected to vote on the healthcare reform next month.,Sports
Injuries to the striker could affect the home side ahead of the qualifying round. Reports say the celebrity couple is finalizing the awards ceremony after mixed reviews. The television host will appear in two new projects after the streaming series. The coach credited the striker for scoring two goals this season.,Entertainment
The conglomerate revised forecasts because of a sharp drop in profits amid increased competition. Developers welcomed the software company's decision to release a next-generation processor. Analysts linked record quarterly revenue at the conglomerate to increased competition. The energy firm announced an unexpected loss in its latest earnings report.,Business
The coach credited the veteran defender for scoring seven goals this season. The film director will appear in five new projects after the awards ceremony. The actor will appear in three new projects after the streaming series. The visiting club cruised to victory in the qualifying round.,Sports
Investors are watching the tech giant closely after a surge in user growth. Analysts say the startup could see a million downloads following the release of an autonomous delivery drone. Analysts say the robotics firm could see significant delays following the release of a next-generation processor. The energy firm responded to record quarterly revenue amid a new trade agreement. The social media platform began testing a flagship smartphone this week. Engineers at the chipmaker announced a next-generation processor after a dozen months of testing.,Technology
The regional council debated for hours before approving the election law this week. The opposition leader defended the election law during a press briefing. The foreign secretary met with three foreign delegates to discuss the trade agreement. Critics say the election law could face three legal challenges. The president met with five foreign delegates to discuss the new tax bill. The retailer announced rising shares in its latest earnings report. The president called on the senate committee to reconsider the budget proposal.,Politics
The conglomerate revised forecasts because of rising shares amid increased competition. Engineers at the cloud provider announced a cloud computing platform after five months of testing. A cybersecurity tool from the chipmaker reported strong developer interest. The bank plans to open five new locations despite a new trade agreement. Analysts say the social media platform could see a security breach following the release of a flagship smartphone. Developers welcomed the software company's decision to release a flagship smartphone. The board of the logistics company met to discuss a wave of layoffs.,Technology
The social media platform patched a critical flaw in a cloud computing platform this week. Shares of the logistics company moved after the firm cited changing consumer habits. Shares of the energy firm moved after the firm cited increased competition. Engineers at the robotics firm announced a machine learning framework after five months of testing. The conglomerate reported a sharp drop in profits amid supply chain disruptions.,Business
The national assembly is expected to vote on the election law next month. The state governor called on the ruling coalition to reconsider the budget proposal. The opposition leader called on the senate committee to reconsider the healthcare reform. The national assembly faced criticism over the election law this week. The airline plans to open five new locations despite rising interest rates. The parliament held emergency talks over the budget proposal this week. The national assembly faced criticism over the election law this week.,Politics
Shares of the airline moved after the firm cited inflation. Analysts linked record quarterly revenue at the logistics company to a new trade agreement. The board of the logistics company met to discuss a sharp drop in profits. Analysts say the startup could see a million downloads following the release of an autonomous delivery drone. Analysts linked a sharp drop in profits at the conglomerate to supply chain disruptions. The manufacturer reported strong consumer demand amid supply chain disruptions.,Business
Injuries to the captain could affect the underdogs ahead of the international friendly. The defending champions will face tough opposition in the next the derby match. The new film broke records with record ticket sales. The captain was the standout performer during the title decider. The coach credited the veteran defender for scoring two goals this season. Analysts expect the home side to reach the season opener this year. Critics highlighted strong box office numbers following the release of the documentary.,Sports
The coach credited the veteran defender for scoring seven goals this season. The captain was the standout performer during the season opener. Fans praised the goalkeeper after the visiting club clinched a dramatic win. The streaming series broke records with strong box office numbers. The visiting club clinched a dramatic win in the derby match. The comedian celebrated the success of the world tour. The visiting club clinched a dramatic win in the international friendly.,Sports
The foreign secretary met with two foreign delegates to discuss the healthcare reform. The newly elected senator met with several foreign delegates to discuss the constitutional amendment. Protesters gathered outside the senate committee to oppose the trade agreement. The opposition leader met with three foreign delegates to discuss the budget proposal. The newly elected senator called on the cabinet to reconsider the budget proposal. The regional council postponed a decision on the election law this week. The foreign secretary called on the ruling coalition to reconsider the new tax bill.,Politics
Investors reacted cautiously to higher fuel costs affecting the conglomerate. The manufacturer announced a major merger in its latest earnings report. Investors reacted cautiously to a new trade agreement affecting the energy firm. Shares of the energy firm moved after the firm cited supply chain disruptions. Shares of the energy firm moved after the firm cited changing consumer habits. The board of the retailer met to discuss strong consumer demand. The board of the conglomerate met to discuss a sharp drop in profits.,Business
The national assembly is expected to vote on the election law next month. The parliament voted narrowly to pass the constitutional amendment this week. The cabinet released a statement about the trade agreement this week. The state governor defended the trade agreement during a press briefing. Shares of the energy firm moved after the firm cited a new trade agreement. The newly elected senator called on the senate committee to reconsider the election law. Critics say the trade agreement could face a dozen legal challenges.,Politics
The software company released a major update to a machine learning framework this week. The startup recalled a flagship smartphone this week. The airline revised forecasts because of rising shares amid supply chain disruptions. Engineers at the tech giant announced a cybersecurity tool after a dozen months of testing.,Technology
The streaming series opened to a viral social media moment this weekend. Fans celebrated as the comedian celebrated the success of the awards ceremony. The fashion designer will appear in three new projects after the awards ceremony. Fans celebrated as the actor received widespread praise for the world tour.,Entertainment
The awards ceremony opened to strong box office numbers this weekend. The comedian was confirmed to headline the debut album. Fans celebrated as the film director surprised fans with the awards ceremony. Reports say the pop star is finalizing the awards ceremony after a viral social media moment. The national squad will face tough opposition in the next the international friendly. The comedian announced plans for the documentary.,Entertainment
The bank announced a wave of layoffs in its latest earnings report. The logistics company revised forecasts because of a major merger amid increased competition. A machine learning framework from the robotics firm reported significant delays. Analysts linked a major merger at the logistics company to supply chain disruptions. The logistics company attributed record quarterly revenue amid changing consumer habits. Engineers at the tech giant announced an autonomous delivery drone after several months of testing.,Business
Fans praised the captain after the home side cruised to victory. The world tour broke records with a top chart debut. The striker was the standout performer during the season opener. The awards ceremony opened to a viral social media moment this weekend.,Entertainment
Developers welcomed the tech giant's decision to release a cybersecurity tool. Investors are watching the startup closely after strong developer interest. Analysts say the robotics firm could see record quarterly earnings following the release of a new artificial intelligence model. The tech giant unveiled a machine learning framework this week. An autonomous delivery drone from the tech giant reported a security breach. Shares of the conglomerate moved after the firm cited inflation.,Technology
The bank responded to a sharp drop in profits amid supply chain disruptions. Investors reacted cautiously to rising interest rates affecting the conglomerate. Investors reacted cautiously to a new trade agreement affecting the retailer. Analysts linked record quarterly revenue at the airline to higher fuel costs.,Business
Investors reacted cautiously to higher fuel costs affecting the conglomerate. The conglomerate plans to open several new locations despite changing consumer habits. Analysts linked rising shares at the energy firm to supply chain disruptions. The conglomerate reported rising shares amid changing consumer habits.,Business
The conglomerate plans to open five new locations despite changing consumer habits. Analysts linked record quarterly revenue at the logistics company to changing consumer habits. Engineers at the software company announced a cloud computing platform after two months of testing. Shares of the conglomerate moved after the firm cited rising interest rates. The airline reported a wave of layoffs amid changing consumer habits. Investors are watching the robotics firm closely after record quarterly earnings. The logistics company plans to open three new locations despite inflation.,Business
The awards ceremony broke records with a top chart debut. Reports say the pop star is finalizing the streaming series after a top chart debut. Critics highlighted a viral social media moment following the release of the debut album. Injuries to the captain could affect the national squad ahead of the title decider.,Sports
The home side will face tough opposition in the next the derby match. Analysts expect the visiting club to reach the title decider this year. The documentary opened to a sold-out premiere this weekend. The underdogs will face tough opposition in the next the championship final.,Sports
The board of the retailer met to discuss strong consumer demand. Engineers at the social media platform announced a flagship smartphone after several months of testing. The logistics company attributed an unexpected loss amid increased competition. The logistics company plans to open five new locations despite changing consumer habits. The board of the retailer met to discuss a sharp drop in profits.,Business
The national squad dominated from start to finish in the international friendly. The coach credited the goalkeeper for scoring four goals this season. Critics highlighted record ticket sales following the release of the world tour. Fans celebrated as the pop star was confirmed to headline the awards ceremony.,Sports
The board of the energy firm met to discuss an unexpected loss. Analysts say the tech giant could see strong developer interest following the release of a next-generation processor. Shares of the conglomerate moved after the firm cited rising interest rates. Shares of the conglomerate moved after the firm cited rising interest rates.,Business
Engineers at the cloud provider announced a next-generation processor after a dozen months of testing. Analysts say the startup could see strong developer interest following the release of a new artificial intelligence model. Investors are watching the robotics firm closely after a million downloads. Shares of the retailer moved after the firm cited supply chain disruptions. Engineers at the robotics firm announced a cybersecurity tool after a dozen months of testing. The bank plans to open two new locations despite increased competition. The bank announced strong consumer demand amid rising interest rates.,Business
The finance minister met with three foreign delegates to discuss the election law. The conglomerate plans to open a dozen new locations despite higher fuel costs. The conglomerate plans to open a dozen new locations despite changing consumer habits. The foreign secretary called on the senate committee to reconsider the constitutional amendment. Critics say the healthcare reform could face several legal challenges.,Politics
The goalkeeper was the standout performer during the derby match. The visiting club secured a narrow win in the qualifying round. Fans praised the goalkeeper after the league leaders dominated from start to finish. The rookie team will face tough opposition in the next the qualifying round.,Sports
Reports say the television host is finalizing the awards ceremony after a sold-out premiere. The defending champions cruised to victory in the qualifying round. The defending champions clinched a dramatic win in the title decider. The captain was the standout performer during the title decider. Injuries to the new signing could affect the national squad ahead of the international friendly. The visiting club will face tough opposition in the next the playoff series. The awards ceremony opened to a sold-out premiere this weekend.,Business
The logistics company plans to open a dozen new locations despite supply chain disruptions. Analysts linked a major merger at the bank to increased competition. The bank announced strong consumer demand in its latest earnings report. Analysts linked strong consumer demand at the bank to rising interest rates. Investors reacted cautiously to inflation affecting the logistics company. Investors reacted cautiously to higher fuel costs affecting the logistics company. Engineers at the chipmaker announced a flagship smartphone after a dozen months of testing.,Business
Protesters gathered outside the senate committee to oppose the constitutional amendment. The retailer revised forecasts because of strong consumer demand amid increased competition. The ruling coalition faced criticism over the constitutional amendment this week. The foreign secretary met with a dozen foreign delegates to discuss the trade agreement. Critics say the trade agreement could face five legal challenges. Protesters gathered outside the cabinet to oppose the healthcare reform.,Politics
Shares of the retailer moved after the firm cited higher fuel costs. The bank warned investors about a major merger amid supply chain disruptions. The president met with a dozen foreign delegates to discuss the immigration policy. The finance minister defended the constitutional amendment during a press briefing. The newly elected senator called on the senate committee to reconsider the healthcare reform.,Politics
The cabinet is expected to vote on the immigration policy next month. Shares of the airline moved after the firm cited supply chain disruptions. The retailer responded to strong consumer demand amid higher fuel costs. The ruling coalition faced criticism over the constitutional amendment this week. Critics say the trade agreement could face several legal challenges.,Politics
Shares of the retailer moved after the firm cited higher fuel costs. The manufacturer announced a major merger in its latest earnings report. A cybersecurity tool from the cloud provider reported significant delays. The retailer announced record quarterly revenue in its latest earnings report. Investors reacted cautiously to a new trade agreement affecting the airline. Analysts linked a sharp drop in profits at the energy firm to supply chain disruptions.,Technology
The manufacturer announced an unexpected loss in its latest earnings report. Investors reacted cautiously to changing consumer habits affecting the manufacturer. Analysts linked record quarterly revenue at the energy firm to changing consumer habits. The retailer plans to open three new locations despite supply chain disruptions. Shares of the conglomerate moved after the firm cited changing consumer habits. Investors are watching the tech giant closely after significant delays.,Business
The documentary broke records with record ticket sales. The new film opened to mixed reviews this weekend. The actor will appear in five new projects after the awards ceremony. Reports say the celebrity couple is finalizing the awards ceremony after a top chart debut.,Entertainment
The foreign secretary defended the election law during a press briefing. The finance minister defended the healthcare reform during a press briefing. The election commission debated for hours before approving the constitutional amendment this week. Shares of the logistics company moved after the firm cited higher fuel costs.,Politics
The board of the conglomerate met to discuss rising shares. Analysts linked an unexpected loss at the conglomerate to supply chain disruptions. The bank plans to open five new locations despite rising interest rates. Shares of the logistics company moved after the firm cited inflation. Investors reacted cautiously to increased competition affecting the energy firm.,Business
Shares of the logistics company moved after the firm cited a new trade agreement. Protesters gathered outside the election commission to oppose the constitutional amendment. The newly elected senator defended the constitutional amendment during a press briefing. The logistics company responded to a sharp drop in profits amid rising interest rates.,Politics
Investors reacted cautiously to a new trade agreement affecting the bank. Investors are watching the social media platform closely after a surge in user growth. The software company confirmed a surge in user growth linked to a next-generation processor. A machine learning framework from the cloud provider reported a surge in user growth. The board of the bank met to discuss record quarterly revenue. The board of the manufacturer met to discuss an unexpected loss. Investors reacted cautiously to supply chain disruptions affecting the conglomerate.,Business
The actor was confirmed to headline the Broadway musical. The fashion designer faced criticism over the streaming series. Injuries to the new signing could affect the underdogs ahead of the season opener. The home side will face tough opposition in the next the international friendly.,Sports
The coach credited the veteran defender for scoring three goals this season. The coach credited the star forward for scoring two goals this season. Reports say the pop star is finalizing the awards ceremony after record ticket sales. Critics highlighted mixed reviews following the release of the new film.,Sports
Investors reacted cautiously to a new trade agreement affecting the manufacturer. Shares of the retailer moved after the firm cited changing consumer habits. A machine learning framework from the cloud provider reported a security breach. Shares of the bank moved after the firm cited supply chain disruptions. The board of the airline met to discuss a sharp drop in profits.,Business
The manufacturer plans to open several new locations despite a new trade agreement. The bank plans to open five new locations despite rising interest rates. Investors reacted cautiously to rising interest rates affecting the logistics company. The conglomerate plans to open several new locations despite increased competition. Developers welcomed the robotics firm's decision to release a cloud computing platform. Analysts say the social media platform could see a surge in user growth following the release of an autonomous delivery drone.,Technology
Investors reacted cautiously to higher fuel costs affecting the logistics company. A new artificial intelligence model from the chipmaker reported record quarterly earnings. Analysts linked record quarterly revenue at the logistics company to inflation. Developers welcomed the startup's decision to release a machine learning framework.,Business
The board of the logistics company met to discuss a sharp drop in profits. The robotics firm confirmed a security breach linked to a machine learning framework. The board of the manufacturer met to discuss strong consumer demand. The conglomerate announced record quarterly revenue in its latest earnings report. Analysts linked an unexpected loss at the energy firm to a new trade agreement. The chipmaker released a major update to a new artificial intelligence model this week. Investors reacted cautiously to changing consumer habits affecting the airline.,Business
Analysts say the software company could see a surge in user growth following the release of a flagship smartphone. The manufacturer plans to open a dozen new locations despite supply chain disruptions. The airline announced a wave of layoffs amid a new trade agreement. Shares of the airline moved after the firm cited changing consumer habits. The retailer announced record quarterly revenue in its latest earnings report. Engineers at the cloud provider announced an autonomous delivery drone after several months of testing. Investors are watching the robotics firm closely after a surge in user growth.,Business
The cloud provider open-sourced a cloud computing platform this week. Developers welcomed the cloud provider's decision to release an autonomous delivery drone. Analysts say the chipmaker could see a million downloads following the release of a next-generation processor. The conglomerate plans to open two new locations despite changing consumer habits. Investors reacted cautiously to a new trade agreement affecting the bank. The conglomerate reported an unexpected loss amid a new trade agreement.,Business
The debut album broke records with mixed reviews. Fans praised the star forward after the defending champions secured a narrow win. Injuries to the young midfielder could affect the underdogs ahead of the qualifying round. Fans praised the young midfielder after the national squad came from behind to triumph. The Broadway musical opened to record ticket sales this weekend. Analysts expect the league leaders to reach the derby match this year.,Sports
The film director will appear in a dozen new projects after the awards ceremony. Critics highlighted record ticket sales following the release of the streaming series. The streaming series broke records with a sold-out premiere. The coach credited the new signing for scoring a record five goals this season.,Entertainment
The manufacturer revised forecasts because of a major merger amid changing consumer habits. Engineers at the chipmaker announced an autonomous delivery drone after five months of testing. Investors reacted cautiously to increased competition affecting the logistics company. The social media platform confirmed a million downloads linked to a new artificial intelligence model. The tech giant patched a critical flaw in a cybersecurity tool this week.,Technology
The pop star will appear in five new projects after the world tour. Reports say the celebrity couple is finalizing the new film after a viral social media moment. Injuries to the veteran defender could affect the visiting club ahead of the title decider. Injuries to the new signing could affect the home side ahead of the title decider. The league leaders will face tough opposition in the next the season opener. Fans celebrated as the pop star celebrated the success of the Broadway musical.,Sports
The parliament released a statement about the constitutional amendment this week. The president called on the election commission to reconsider the election law. The board of the manufacturer met to discuss a sharp drop in profits. The president met with several foreign delegates to discuss the trade agreement. The finance minister called on the ruling coalition to reconsider the immigration policy.,Politics
The pop star will appear in two new projects after the new film. The comedian announced plans for the streaming series. The fashion designer was confirmed to headline the awards ceremony. Critics highlighted record ticket sales following the release of the world tour. Critics highlighted a viral social media moment following the release of the new film. The world tour opened to a top chart debut this weekend. The film director will appear in three new projects after the awards ceremony.,Entertainment
Developers welcomed the chipmaker's decision to release a cybersecurity tool. Investors are watching the robotics firm closely after strong developer interest. Investors are watching the social media platform closely after record quarterly earnings. The retailer announced record quarterly revenue in its latest earnings report. Analysts linked rising shares at the energy firm to higher fuel costs.,Business
The senate committee is expected to vote on the election law next month. The bank announced a major merger in its latest earnings report. The finance minister met with two foreign delegates to discuss the constitutional amendment. The board of the conglomerate met to discuss a major merger. Protesters gathered outside the election commission to oppose the election law.,Politics
Analysts linked an unexpected loss at the bank to rising interest rates. Analysts say the chipmaker could see a surge in user growth following the release of a next-generation processor. A cybersecurity tool from the startup reported a surge in user growth. Investors reacted cautiously to rising interest rates affecting the airline. The robotics firm confirmed a surge in user growth linked to a flagship smartphone. Investors are watching the cloud provider closely after a security breach.,Technology
Critics say the trade agreement could face two legal challenges. The finance minister met with three foreign delegates to discuss the trade agreement. The newly elected senator defended the constitutional amendment during a press briefing. The president met with a dozen foreign delegates to discuss the constitutional amendment. Critics say the immigration policy could face two legal challenges. The newly elected senator called on the election commission to reconsider the election law. Critics say the constitutional amendment could face a dozen legal challenges.,Politics
The coach credited the young midfielder for scoring four goals this season. The comedian received widespread praise for the streaming series. The coach credited the goalkeeper for scoring seven goals this season. The Broadway musical opened to strong box office numbers this weekend. Fans celebrated as the pop star announced plans for the new film.,Entertainment
The social media platform confirmed a surge in user growth linked to a cloud computing platform. Engineers at the software company announced an autonomous delivery drone after a dozen months of testing. The board of the airline met to discuss rising shares. A next-generation processor from the robotics firm reported significant delays. A next-generation processor from the chipmaker reported significant delays.,Technology
Analysts linked record quarterly revenue at the manufacturer to rising interest rates. The retailer attributed a wave of layoffs amid rising interest rates. The energy firm reported record quarterly revenue amid increased competition. The bank announced rising shares in its latest earnings report.,Business
Injuries to the captain could affect the home side ahead of the qualifying round. The streaming series broke records with a viral social media moment. The documentary broke records with a sold-out premiere. The defending champions secured a narrow win in the international friendly. The Broadway musical opened to mixed reviews this weekend. The television host received widespread praise for the debut album. The debut album broke records with a sold-out premiere.,Entertainment
The awards ceremony broke records with mixed reviews. The awards ceremony broke records with strong box office numbers. Critics highlighted a top chart debut following the release of the streaming series. Analysts expect the defending champions to reach the qualifying round this year. Analysts expect the rookie team to reach the qualifying round this year. Reports say the film director is finalizing the streaming series after a top chart debut. The celebrity couple announced plans for the streaming series.,Entertainment
Critics highlighted record ticket sales following the release of the awards ceremony. The young midfielder was the standout performer during the derby match. The debut album broke records with a viral social media moment. The world tour broke records with a viral social media moment. The debut album broke records with record ticket sales.,Entertainment
Analysts say the software company could see a security breach following the release of a new artificial intelligence model. A machine learning framework from the cloud provider reported record quarterly earnings. Analysts say the chipmaker could see a security breach following the release of an autonomous delivery drone. The social media platform confirmed a security breach linked to a new artificial intelligence model.,Technology
Investors reacted cautiously to inflation affecting the conglomerate. Developers welcomed the social media platform's decision to release an autonomous delivery drone. The manufacturer revised forecasts because of a wave of layoffs amid supply chain disruptions. Investors reacted cautiously to higher fuel costs affecting the logistics company. A cybersecurity tool from the software company reported record quarterly earnings. The conglomerate responded to strong consumer demand amid higher fuel costs.,Business
Analysts say the chipmaker could see a security breach following the release of a cybersecurity tool. Developers welcomed the startup's decision to release a cybersecurity tool. The logistics company plans to open five new locations despite higher fuel costs. The logistics company plans to open two new locations despite inflation. Analysts say the cloud provider could see record quarterly earnings following the release of a machine learning framework. Investors are watching the robotics firm closely after a surge in user growth.,Technology
The president met with five foreign delegates to discuss the constitutional amendment. The ruling coalition is expected to vote on the budget proposal next month. The cabinet released a statement about the budget proposal this week. Investors reacted cautiously to rising interest rates affecting the airline. The board of the conglomerate met to discuss an unexpected loss. The parliament voted narrowly to pass the election law this week.,Politics
Fans celebrated as the pop star was confirmed to headline the awards ceremony. The visiting club will face tough opposition in the next the derby match. The comedian received widespread praise for the world tour. Critics highlighted a viral social media moment following the release of the world tour. The film director will appear in a dozen new projects after the awards ceremony. The streaming series broke records with record ticket sales.,Entertainment
Critics highlighted a sold-out premiere following the release of the Broadway musical. The documentary opened to a viral social media moment this weekend. The documentary broke records with mixed reviews. The coach credited the striker for scoring a record five goals this season. The new film opened to strong box office numbers this weekend. Reports say the celebrity couple is finalizing the documentary after mixed reviews. The visiting club came from behind to triumph in the championship final.,Entertainment
Analysts say the software company could see a million downloads following the release of a next-generation processor. Analysts linked strong consumer demand at the energy firm to rising interest rates. The social media platform patched a critical flaw in a machine learning framework this week. Investors are watching the startup closely after a security breach.,Business
The home side dominated from start to finish in the international friendly. Reports say the pop star is finalizing the new film after a sold-out premiere. The new signing was the standout performer during the title decider. Critics highlighted a viral social media moment following the release of the documentary. Critics highlighted mixed reviews following the release of the debut album. Critics highlighted record ticket sales following the release of the new film.,Entertainment
The state governor met with three foreign delegates to discuss the new tax bill. The foreign secretary called on the ruling coalition to reconsider the immigration policy. The president defended the constitutional amendment during a press briefing. The foreign secretary called on the ruling coalition to reconsider the healthcare reform. Protesters gathered outside the parliament to oppose the healthcare reform. Shares of the logistics company moved after the firm cited supply chain disruptions.,Politics
The foreign secretary defended the budget proposal during a press briefing. The newly elected senator called on the election commission to reconsider the budget proposal. The finance minister defended the immigration policy during a press briefing. Analysts linked strong consumer demand at the airline to rising interest rates. The regional council is expected to vote on the trade agreement next month.,Politics
Fans praised the veteran defender after the underdogs clinched a dramatic win. Analysts expect the rookie team to reach the playoff series this year. Injuries to the captain could affect the visiting club ahead of the season opener. Reports say the actor is finalizing the Broadway musical after record ticket sales. The home side came from behind to triumph in the qualifying round. The goalkeeper was the standout performer during the championship final. The national squad secured a narrow win in the playoff series.,Sports
Engineers at the cloud provider announced an autonomous delivery drone after two months of testing. The software company unveiled a machine learning framework this week. Analysts say the social media platform could see strong developer interest following the release of a new artificial intelligence model. The retailer reported a wave of layoffs amid changing consumer habits. Investors are watching the chipmaker closely after strong developer interest. Investors reacted cautiously to a new trade agreement affecting the bank.,Business
The conglomerate plans to open two new locations despite supply chain disruptions. Investors reacted cautiously to inflation affecting the manufacturer. The airline announced a sharp drop in profits in its latest earnings report. The cloud provider confirmed a security breach linked to a cybersecurity tool.,Business
The pop star will appear in a dozen new projects after the world tour. The television host will appear in two new projects after the world tour. The documentary broke records with a viral social media moment. The actor will appear in two new projects after the Broadway musical. The comedian will appear in several new projects after the debut album. The celebrity couple surprised fans with the streaming series. The coach credited the captain for scoring three goals this season.,Entertainment
Critics highlighted a viral social media moment following the release of the world tour. The world tour broke records with a top chart debut. The goalkeeper was the standout performer during the qualifying round. The new film broke records with a viral social media moment.,Entertainment
Analysts say the tech giant could see a surge in user growth following the release of an autonomous delivery drone. The airline announced a sharp drop in profits amid a new trade agreement. The energy firm announced an unexpected loss in its latest earnings report. The robotics firm began testing a flagship smartphone this week. The robotics firm confirmed strong developer interest linked to a new artificial intelligence model.,Politics
The world tour opened to strong box office numbers this weekend. The awards ceremony opened to strong box office numbers this weekend. Fans celebrated as the fashion designer celebrated the success of the new film. The coach credited the captain for scoring three goals this season. Critics highlighted record ticket sales following the release of the debut album. The coach credited the captain for scoring seven goals this season. The documentary opened to a sold-out premiere this weekend.,Entertainment
The coach credited the new signing for scoring two goals this season. Analysts expect the underdogs to reach the international friendly this year. The comedian will appear in three new projects after the world tour. The home side will face tough opposition in the next the title decider. Fans praised the striker after the league leaders secured a narrow win. The visiting club edged out their rivals in the international friendly. The coach credited the star forward for scoring seven goals this season.,Sports
The conglomerate announced record quarterly revenue in its latest earnings report. The logistics company plans to open two new locations despite rising interest rates. The board of the energy firm met to discuss strong consumer demand. Shares of the conglomerate moved after the firm cited increased competition. The conglomerate reported a wave of layoffs amid increased competition.,Business
The fashion designer will appear in a dozen new projects after the debut album. The Broadway musical opened to strong box office numbers this weekend. The coach credited the goalkeeper for scoring seven goals this season. Critics highlighted a top chart debut following the release of the debut album.,Entertainment
The bank warned investors about a wave of layoffs amid rising interest rates. The retailer announced a sharp drop in profits in its latest earnings report. Investors are watching the startup closely after significant delays. Analysts say the cloud provider could see a surge in user growth following the release of a new artificial intelligence model. Analysts say the startup could see a million downloads following the release of a new artificial intelligence model. Engineers at the software company announced a flagship smartphone after five months of testing. Investors are watching the tech giant closely after a million downloads.,Technology
The chipmaker confirmed strong developer interest linked to an autonomous delivery drone. The tech giant open-sourced a next-generation processor this week. Shares of the logistics company moved after the firm cited a new trade agreement. Analysts say the cloud provider could see record quarterly earnings following the release of a new artificial intelligence model. Engineers at the cloud provider announced a machine learning framework after five months of testing. The logistics company plans to open three new locations despite changing consumer habits.,Technology
The election commission is expected to vote on the new tax bill next month. Investors reacted cautiously to supply chain disruptions affecting the manufacturer. The regional council is expected to vote on the new tax bill next month. The senate committee is expected to vote on the election law next month. The state governor called on the national assembly to reconsider the election law. The board of the airline met to discuss rising shares. The cabinet is expected to vote on the election law next month.,Politics
The board of the logistics company met to discuss strong consumer demand. The airline reported an unexpected loss amid a new trade agreement. The logistics company revised forecasts because of a wave of layoffs amid a new trade agreement. The logistics company announced rising shares in its latest earnings report. Investors reacted cautiously to higher fuel costs affecting the logistics company.,Business
Investors are watching the tech giant closely after a surge in user growth. Analysts say the robotics firm could see record quarterly earnings following the release of a next-generation processor. The chipmaker released a major update to an autonomous delivery drone this week. The cloud provider began testing a machine learning framework this week.,Technology
Injuries to the captain could affect the rookie team ahead of the season opener. Fans praised the goalkeeper after the underdogs cruised to victory. The defending champions will face tough opposition in the next the derby match. The veteran defender was the standout performer during the derby match. The coach credited the goalkeeper for scoring three goals this season. Fans praised the new signing after the rookie team edged out their rivals. Analysts expect the underdogs to reach the qualifying round this year.,Sports
Developers welcomed the startup's decision to release a cloud computing platform. Developers welcomed the chipmaker's decision to release an autonomous delivery drone. A cloud computing platform from the robotics firm reported strong developer interest. The software company unveiled an autonomous delivery drone this week.,Technology
Fans celebrated as the comedian received widespread praise for the debut album. The coach credited the new signing for scoring seven goals this season. The debut album broke records with a sold-out premiere. The television host was confirmed to headline the awards ceremony. The actor received widespread praise for the world tour. The world tour broke records with strong box office numbers. The Broadway musical broke records with mixed reviews.,Entertainment
The newly elected senator called on the regional council to reconsider the new tax bill. The finance minister called on the election commission to reconsider the election law. Protesters gathered outside the cabinet to oppose the election law. The foreign secretary called on the parliament to reconsider the immigration policy. Protesters gathered outside the election commission to oppose the constitutional amendment. Protesters gathered outside the parliament to oppose the healthcare reform.,Politics
Analysts say the robotics firm could see strong developer interest following the release of a next-generation processor. Developers welcomed the social media platform's decision to release a cloud computing platform. Developers welcomed the tech giant's decision to release a next-generation processor. The software company confirmed strong developer interest linked to a next-generation processor. A next-generation processor from the social media platform reported a million downloads. Developers welcomed the cloud provider's decision to release a next-generation processor. Analysts say the startup could see strong developer interest following the release of an autonomous delivery drone.,Technology
Fans celebrated as the film director was confirmed to headline the awards ceremony. The world tour broke records with mixed reviews. Fans praised the striker after the defending champions clinched a dramatic win. The underdogs will face tough opposition in the next the playoff series. The defending champions edged out their rivals in the playoff series.,Entertainment
Investors are watching the chipmaker closely after a million downloads. Investors reacted cautiously to rising interest rates affecting the bank. A cybersecurity tool from the startup reported a million downloads. Engineers at the robotics firm announced a next-generation processor after three months of testing.,Technology
The new film opened to a viral social media moment this weekend. The underdogs came from behind to triumph in the season opener. Reports say the celebrity couple is finalizing the documentary after mixed reviews. The streaming series broke records with strong box office numbers. The pop star faced criticism over the new film.,Entertainment
The election commission is expected to vote on the immigration policy next month. The president defended the new tax bill during a press briefing. Critics say the trade agreement could face two legal challenges. Protesters gathered outside the national assembly to oppose the election law. The manufacturer announced a sharp drop in profits in its latest earnings report. The newly elected senator met with two foreign delegates to discuss the new tax bill. The newly elected senator defended the immigration policy during a press briefing.,Politics
Critics highlighted a viral social media moment following the release of the streaming series. The pop star will appear in two new projects after the debut album. The coach credited the young midfielder for scoring a record five goals this season. The fashion designer surprised fans with the Broadway musical. Injuries to the new signing could affect the defending champions ahead of the qualifying round. The awards ceremony broke records with a top chart debut. Injuries to the captain could affect the home side ahead of the championship final.,Entertainment
Fans praised the captain after the rookie team secured a narrow win. The celebrity couple celebrated the success of the streaming series. The television host was confirmed to headline the debut album. The comedian will appear in five new projects after the new film. The comedian will appear in a dozen new projects after the debut album.,Entertainment
The software company patched a critical flaw in a cloud computing platform this week. Investors reacted cautiously to changing consumer habits affecting the conglomerate. Investors are watching the software company closely after a million downloads. The cloud provider confirmed record quarterly earnings linked to a flagship smartphone. The robotics firm confirmed record quarterly earnings linked to a machine learning framework.,Technology
The awards ceremony opened to record ticket sales this weekend. The streaming series opened to mixed reviews this weekend. The new film opened to mixed reviews this weekend. Critics highlighted a viral social media moment following the release of the new film. The comedian received widespread praise for the new film. Reports say the pop star is finalizing the debut album after a viral social media moment. The pop star surprised fans with the debut album.,Entertainment
The retailer plans to open three new locations despite a new trade agreement. Shares of the conglomerate moved after the firm cited rising interest rates. The manufacturer announced rising shares in its latest earnings report. The president met with five foreign delegates to discuss the constitutional amendment. Protesters gathered outside the national assembly to oppose the immigration policy.,Politics
A cybersecurity tool from the chipmaker reported a surge in user growth. The chipmaker confirmed a surge in user growth linked to a machine learning framework. The board of the energy firm met to discuss a wave of layoffs. Analysts say the software company could see record quarterly earnings following the release of a next-generation processor. The manufacturer plans to open five new locations despite higher fuel costs.,Business
Developers welcomed the tech giant's decision to release a cloud computing platform. Investors reacted cautiously to inflation affecting the airline. Analysts linked record quarterly revenue at the bank to inflation. Shares of the conglomerate moved after the firm cited higher fuel costs.,Business
The manufacturer plans to open three new locations despite inflation. The logistics company plans to open several new locations despite increased competition. Investors are watching the cloud provider closely after a million downloads. Shares of the airline moved after the firm cited a new trade agreement. Developers welcomed the social media platform's decision to release a cybersecurity tool.,Business
Reports say the comedian is finalizing the awards ceremony after a sold-out premiere. Fans praised the goalkeeper after the league leaders dominated from start to finish. Critics highlighted record ticket sales following the release of the debut album. Analysts expect the underdogs to reach the playoff series this year. The awards ceremony opened to record ticket sales this weekend. Fans celebrated as the television host celebrated the success of the new film. Reports say the fashion designer is finalizing the new film after strong box office numbers.,Entertainment
Analysts linked a wave of layoffs at the airline to changing consumer habits. Developers welcomed the robotics firm's decision to release a new artificial intelligence model. Investors reacted cautiously to supply chain disruptions affecting the retailer. The retailer plans to open two new locations despite supply chain disruptions. The manufacturer reported record quarterly revenue amid supply chain disruptions. Analysts say the chipmaker could see significant delays following the release of a new artificial intelligence model.,Business
The software company confirmed a million downloads linked to a new artificial intelligence model. Analysts linked rising shares at the retailer to rising interest rates. Shares of the bank moved after the firm cited inflation. The bank plans to open five new locations despite rising interest rates. The board of the energy firm met to discuss rising shares.,Business
The tech giant confirmed a security breach linked to a new artificial intelligence model. The bank reported strong consumer demand amid rising interest rates. The chipmaker scaled up production of a cloud computing platform this week. Investors are watching the software company closely after record quarterly earnings. The social media platform recalled a flagship smartphone this week. Investors are watching the startup closely after record quarterly earnings. Engineers at the cloud provider announced a next-generation processor after a dozen months of testing.,Technology
The striker was the standout performer during the season opener. The coach credited the veteran defender for scoring two goals this season. The national squad will face tough opposition in the next the championship final. Injuries to the striker could affect the league leaders ahead of the championship final. The underdogs clinched a dramatic win in the playoff series. Analysts expect the underdogs to reach the playoff series this year. The coach credited the star forward for scoring three goals this season.,Sports
The senate committee is expected to vote on the budget proposal next month. The senate committee released a statement about the new tax bill this week. The cabinet faced criticism over the healthcare reform this week. The state governor defended the new tax bill during a press briefing. The conglomerate announced rising shares in its latest earnings report. Shares of the manufacturer moved after the firm cited increased competition. The board of the energy firm met to discuss a wave of layoffs.,Politics
The board of the retailer met to discuss record quarterly revenue. Investors reacted cautiously to inflation affecting the bank. The retailer attributed a major merger amid changing consumer habits. The conglomerate revised forecasts because of an unexpected loss amid supply chain disruptions.,Business
The Broadway musical broke records with a sold-out premiere. Injuries to the new signing could affect the rookie team ahead of the playoff series. Injuries to the veteran defender could affect the visiting club ahead of the derby match. The fashion designer celebrated the success of the new film. The awards ceremony opened to a viral social media moment this weekend.,Business
The opposition leader met with several foreign delegates to discuss the budget proposal. The foreign secretary met with a dozen foreign delegates to discuss the budget proposal. The national assembly postponed a decision on the immigration policy this week. The opposition leader defended the constitutional amendment during a press briefing. The logistics company plans to open three new locations despite rising interest rates.,Politics
Analysts linked a major merger at the retailer to changing consumer habits. Engineers at the cloud provider announced a new artificial intelligence model after three months of testing. The robotics firm confirmed a surge in user growth linked to a next-generation processor. Investors are watching the software company closely after significant delays. Investors are watching the robotics firm closely after significant delays.,Technology
Shares of the retailer moved after the firm cited supply chain disruptions. Shares of the manufacturer moved after the firm cited increased competition. The retailer plans to open a dozen new locations despite supply chain disruptions. Investors reacted cautiously to inflation affecting the airline. Analysts say the tech giant could see record quarterly earnings following the release of a new artificial intelligence model. Investors are watching the robotics firm closely after a surge in user growth. Developers welcomed the tech giant's decision to release a new artificial intelligence model.,Technology
Critics highlighted a top chart debut following the release of the new film. The national squad dominated from start to finish in the international friendly. The striker was the standout performer during the championship final. Injuries to the captain could affect the home side ahead of the season opener. The coach credited the star forward for scoring four goals this season.,Sports
The board of the conglomerate met to discuss record quarterly revenue. Investors are watching the robotics firm closely after record quarterly earnings. The retailer announced a sharp drop in profits in its latest earnings report. Developers welcomed the chipmaker's decision to release a new artificial intelligence model. Analysts linked a major merger at the conglomerate to a new trade agreement.,Technology
Critics highlighted mixed reviews following the release of the world tour. The league leaders dominated from start to finish in the derby match. The awards ceremony broke records with a sold-out premiere. The young midfielder was the standout performer during the qualifying round. The actor received widespread praise for the documentary.,Politics
The manufacturer plans to open a dozen new locations despite increased competition. Investors are watching the tech giant closely after record quarterly earnings. Analysts say the startup could see record quarterly earnings following the release of an autonomous delivery drone. Analysts linked a major merger at the airline to supply chain disruptions. The board of the energy firm met to discuss strong consumer demand.,Business
Protesters gathered outside the parliament to oppose the budget proposal. The national assembly released a statement about the immigration policy this week. The opposition leader defended the immigration policy during a press briefing. Investors reacted cautiously to supply chain disruptions affecting the airline.,Politics
The conglomerate announced record quarterly revenue in its latest earnings report. The board of the conglomerate met to discuss strong consumer demand. A new artificial intelligence model from the cloud provider reported record quarterly earnings. Analysts say the startup could see strong developer interest following the release of a cloud computing platform.,Business
Analysts linked an unexpected loss at the retailer to a new trade agreement. The bank plans to open three new locations despite increased competition. The conglomerate plans to open five new locations despite increased competition. The energy firm announced rising shares in its latest earnings report.,Business
Critics highlighted mixed reviews following the release of the new film. The national squad will face tough opposition in the next the international friendly. Fans praised the veteran defender after the underdogs dominated from start to finish. The league leaders edged out their rivals in the derby match. The film director will appear in three new projects after the world tour. Injuries to the veteran defender could affect the rookie team ahead of the international friendly.,Sports
Reports say the actor is finalizing the Broadway musical after a top chart debut. Reports say the celebrity couple is finalizing the world tour after a sold-out premiere. The streaming series broke records with mixed reviews. The new film broke records with strong box office numbers. Reports say the pop star is finalizing the new film after a sold-out premiere.,Entertainment
Analysts linked a wave of layoffs at the logistics company to changing consumer habits. Protesters gathered outside the senate committee to oppose the election law. The retailer plans to open two new locations despite changing consumer habits. The national assembly is expected to vote on the election law next month.,Technology
Critics say the trade agreement could face three legal challenges. The regional council is expected to vote on the budget proposal next month. Investors reacted cautiously to rising interest rates affecting the logistics company. The regional council faced criticism over the immigration policy this week. The opposition leader called on the election commission to reconsider the constitutional amendment. The newly elected senator called on the senate committee to reconsider the healthcare reform. The airline plans to open a dozen new locations despite a new trade agreement.,Politics
The cabinet released a statement about the budget proposal this week. The bank plans to open three new locations despite changing consumer habits. The board of the conglomerate met to discuss a wave of layoffs. Protesters gathered outside the national assembly to oppose the new tax bill.,Politics
Engineers at the startup announced a machine learning framework after several months of testing. Analysts linked a major merger at the manufacturer to rising interest rates. The board of the retailer met to discuss an unexpected loss. Investors reacted cautiously to supply chain disruptions affecting the conglomerate. Shares of the logistics company moved after the firm cited changing consumer habits. The board of the retailer met to discuss rising shares. The airline plans to open a dozen new locations despite rising interest rates.,Business
The manufacturer announced record quarterly revenue in its latest earnings report. The energy firm attributed an unexpected loss amid inflation. Analysts linked a major merger at the conglomerate to changing consumer habits. Developers welcomed the chipmaker's decision to release an autonomous delivery drone. Engineers at the social media platform announced a next-generation processor after two months of testing.,Technology
Investors reacted cautiously to changing consumer habits affecting the bank. The conglomerate plans to open three new locations despite inflation. Shares of the airline moved after the firm cited rising interest rates. Shares of the conglomerate moved after the firm cited rising interest rates. The board of the airline met to discuss record quarterly revenue.,Business
Reports say the pop star is finalizing the new film after strong box office numbers. Reports say the actor is finalizing the streaming series after a top chart debut. The awards ceremony broke records with a viral social media moment. The documentary broke records with record ticket sales. The world tour opened to strong box office numbers this weekend.,Entertainment
Injuries to the striker could affect the national squad ahead of the qualifying round. The coach credited the captain for scoring two goals this season. Injuries to the captain could affect the league leaders ahead of the derby match. Fans praised the captain after the national squad clinched a dramatic win.,Sports
Developers welcomed the cloud provider's decision to release a next-generation processor. Engineers at the cloud provider announced a new artificial intelligence model after two months of testing. Investors reacted cautiously to changing consumer habits affecting the conglomerate. Developers welcomed the robotics firm's decision to release a next-generation processor.,Technology
The robotics firm confirmed a surge in user growth linked to an autonomous delivery drone. Investors reacted cautiously to rising interest rates affecting the manufacturer. The airline warned investors about record quarterly revenue amid higher fuel costs. The airline plans to open three new locations despite changing consumer habits. Shares of the logistics company moved after the firm cited changing consumer habits.,Business
The energy firm plans to open a dozen new locations despite supply chain disruptions. The bank plans to open three new locations despite rising interest rates. Investors reacted cautiously to changing consumer habits affecting the bank. The board of the logistics company met to discuss a wave of layoffs. The bank announced a wave of layoffs in its latest earnings report. The tech giant scaled up production of a cloud computing platform this week.,Business
Shares of the airline moved after the firm cited rising interest rates. Engineers at the software company announced a flagship smartphone after two months of testing. The cloud provider confirmed a million downloads linked to an autonomous delivery drone. A cybersecurity tool from the software company reported a surge in user growth. Engineers at the robotics firm announced a flagship smartphone after several months of testing.,Technology
The finance minister called on the senate committee to reconsider the trade agreement. The parliament is expected to vote on the new tax bill next month. Critics say the healthcare reform could face a dozen legal challenges. The national assembly is expected to vote on the new tax bill next month.,Politics
The defending champions will face tough opposition in the next the season opener. The coach credited the veteran defender for scoring four goals this season. The underdogs clinched a dramatic win in the international friendly. The goalkeeper was the standout performer during the derby match. The visiting club came from behind to triumph in the derby match.,Sports
Investors are watching the startup closely after a million downloads. Developers welcomed the startup's decision to release a cloud computing platform. The airline plans to open three new locations despite inflation. Developers welcomed the startup's decision to release a cloud computing platform.,Technology
A cybersecurity tool from the chipmaker reported a surge in user growth. Developers welcomed the chipmaker's decision to release a cloud computing platform. A cloud computing platform from the chipmaker reported strong developer interest. Engineers at the robotics firm announced an autonomous delivery drone after two months of testing. A new artificial intelligence model from the social media platform reported a security breach. The social media platform confirmed record quarterly earnings linked to an autonomous delivery drone.,Entertainment
Engineers at the startup announced an autonomous delivery drone after two months of testing. Investors are watching the cloud provider closely after a security breach. The bank plans to open two new locations despite inflation. Developers welcomed the startup's decision to release a flagship smartphone.,Technology
Investors are watching the tech giant closely after strong developer interest. Shares of the manufacturer moved after the firm cited rising interest rates. Developers welcomed the social media platform's decision to release a cloud computing platform. The board of the retailer met to discuss strong consumer demand. Developers welcomed the tech giant's decision to release a new artificial intelligence model.,Technology
The energy firm announced a sharp drop in profits in its latest earnings report. A flagship smartphone from the chipmaker reported record quarterly earnings. Investors are watching the tech giant closely after record quarterly earnings. A cybersecurity tool from the chipmaker reported a surge in user growth. Investors are watching the social media platform closely after strong developer interest. Engineers at the social media platform announced a next-generation processor after several months of testing. Engineers at the chipmaker announced a machine learning framework after several months of testing.,Technology
Fans praised the captain after the league leaders cruised to victory. The world tour opened to a viral social media moment this weekend. Analysts expect the home side to reach the title decider this year. Fans praised the young midfielder after the home side dominated from start to finish. The underdogs will face tough opposition in the next the championship final.,Sports
Analysts linked a major merger at the manufacturer to higher fuel costs. Analysts say the cloud provider could see a security breach following the release of a machine learning framework. The energy firm plans to open several new locations despite increased competition. Analysts linked a sharp drop in profits at the retailer to rising interest rates.,Business
The conglomerate announced a wave of layoffs in its latest earnings report. The bank announced an unexpected loss in its latest earnings report. The board of the retailer met to discuss rising shares. Analysts linked strong consumer demand at the logistics company to higher fuel costs. The airline attributed a wave of layoffs amid changing consumer habits.,Business
The home side dominated from start to finish in the derby match. The underdogs will face tough opposition in the next the season opener. The pop star will appear in five new projects after the Broadway musical. The underdogs will face tough opposition in the next the international friendly. The coach credited the young midfielder for scoring seven goals this season. The coach credited the veteran defender for scoring seven goals this season. Analysts expect the home side to reach the qualifying round this year.,Sports
The board of the bank met to discuss a sharp drop in profits. The board of the bank met to discuss strong consumer demand. Shares of the airline moved after the firm cited a new trade agreement. The social media platform confirmed strong developer interest linked to a cloud computing platform. Analysts say the robotics firm could see a million downloads following the release of a next-generation processor.,Entertainment
The underdogs will face tough opposition in the next the season opener. The Broadway musical broke records with a viral social media moment. The comedian will appear in a dozen new projects after the Broadway musical. Reports say the celebrity couple is finalizing the documentary after a top chart debut.,Technology
The star forward was the standout performer during the title decider. The national squad will face tough opposition in the next the title decider. The captain was the standout performer during the derby match. Analysts expect the league leaders to reach the international friendly this year.,Sports
Critics highlighted a viral social media moment following the release of the streaming series. Fans praised the captain after the home side cruised to victory. Injuries to the veteran defender could affect the rookie team ahead of the championship final. Fans praised the new signing after the rookie team dominated from start to finish.,Sports
Protesters gathered outside the ruling coalition to oppose the new tax bill. The opposition leader met with a dozen foreign delegates to discuss the trade agreement. The prime minister met with three foreign delegates to discuss the immigration policy. The state governor met with a dozen foreign delegates to discuss the new tax bill.,Politics
The home side will face tough opposition in the next the qualifying round. The comedian will appear in several new projects after the awards ceremony. Reports say the actor is finalizing the debut album after a top chart debut. The coach credited the striker for scoring a record five goals this season. Injuries to the captain could affect the national squad ahead of the qualifying round. The underdogs clinched a dramatic win in the international friendly. The new signing was the standout performer during the qualifying round.,Sports
The pop star will appear in five new projects after the documentary. Critics highlighted a top chart debut following the release of the new film. Fans praised the star forward after the rookie team secured a narrow win. Fans celebrated as the film director received widespread praise for the awards ceremony. Reports say the pop star is finalizing the streaming series after a top chart debut.,Entertainment
Fans celebrated as the fashion designer announced plans for the new film. Critics highlighted mixed reviews following the release of the Broadway musical. Critics highlighted mixed reviews following the release of the awards ceremony. The new film broke records with record ticket sales.,Entertainment
Critics say the healthcare reform could face two legal challenges. The foreign secretary called on the parliament to reconsider the election law. The election commission is expected to vote on the new tax bill next month. Shares of the conglomerate moved after the firm cited increased competition. The election commission debated for hours before approving the healthcare reform this week. The opposition leader defended the healthcare reform during a press briefing. The prime minister called on the senate committee to reconsider the immigration policy.,Politics
Engineers at the cloud provider announced a cloud computing platform after a dozen months of testing. Analysts say the startup could see strong developer interest following the release of a next-generation processor. Investors reacted cautiously to supply chain disruptions affecting the airline. The airline reported a sharp drop in profits amid rising interest rates. A cloud computing platform from the robotics firm reported a million downloads. Investors reacted cautiously to changing consumer habits affecting the bank.,Business
The opposition leader met with three foreign delegates to discuss the new tax bill. The cabinet faced criticism over the election law this week. The state governor defended the budget proposal during a press briefing. Protesters gathered outside the parliament to oppose the immigration policy. Critics say the constitutional amendment could face several legal challenges. Critics say the election law could face two legal challenges.,Politics
Protesters gathered outside the election commission to oppose the election law. The newly elected senator called on the cabinet to reconsider the budget proposal. The state governor met with two foreign delegates to discuss the constitutional amendment. Analysts linked an unexpected loss at the conglomerate to changing consumer habits. Critics say the election law could face a dozen legal challenges. The opposition leader met with five foreign delegates to discuss the trade agreement.,Politics
Analysts expect the defending champions to reach the championship final this year. The coach credited the veteran defender for scoring seven goals this season. The coach credited the new signing for scoring a record five goals this season. Analysts expect the national squad to reach the international friendly this year. The coach credited the star forward for scoring two goals this season.,Sports
Fans celebrated as the celebrity couple received widespread praise for the new film. The television host will appear in five new projects after the awards ceremony. The awards ceremony opened to record ticket sales this weekend. The actor will appear in several new projects after the Broadway musical.,Entertainment
Analysts linked a major merger at the logistics company to supply chain disruptions. The board of the retailer met to discuss record quarterly revenue. Shares of the airline moved after the firm cited increased competition. The manufacturer plans to open five new locations despite higher fuel costs. The energy firm reported a wave of layoffs amid rising interest rates.,Business
The defending champions clinched a dramatic win in the season opener. The Broadway musical broke records with record ticket sales. Injuries to the new signing could affect the underdogs ahead of the international friendly. The coach credited the captain for scoring four goals this season. Injuries to the star forward could affect the league leaders ahead of the championship final. Injuries to the veteran defender could affect the visiting club ahead of the qualifying round. Injuries to the captain could affect the defending champions ahead of the title decider.,Sports
The awards ceremony opened to a sold-out premiere this weekend. Reports say the comedian is finalizing the debut album after strong box office numbers. The coach credited the star forward for scoring four goals this season. Reports say the film director is finalizing the new film after record ticket sales.,Entertainment
Developers welcomed the tech giant's decision to release a next-generation processor. Investors reacted cautiously to inflation affecting the logistics company. The social media platform unveiled a cybersecurity tool this week. The retailer announced rising shares in its latest earnings report. The logistics company reported a major merger amid a new trade agreement.,Business
Injuries to the new signing could affect the national squad ahead of the playoff series. The coach credited the striker for scoring two goals this season. The home side clinched a dramatic win in the international friendly. The home side will face tough opposition in the next the playoff series.,Sports
The president called on the parliament to reconsider the new tax bill. The cabinet postponed a decision on the budget proposal this week. The opposition leader called on the election commission to reconsider the constitutional amendment. The president called on the election commission to reconsider the immigration policy.,Politics
The bank announced strong consumer demand in its latest earnings report. The bank announced a major merger in its latest earnings report. Analysts linked a wave of layoffs at the energy firm to a new trade agreement. The logistics company announced rising shares in its latest earnings report. Developers welcomed the software company's decision to release an autonomous delivery drone.,Business
Shares of the airline moved after the firm cited changing consumer habits. Investors are watching the startup closely after record quarterly earnings. Investors reacted cautiously to a new trade agreement affecting the bank. Developers welcomed the startup's decision to release a flagship smartphone.,Technology
The coach credited the captain for scoring three goals this season. Analysts expect the visiting club to reach the championship final this year. Reports say the film director is finalizing the world tour after a viral social media moment. Fans praised the striker after the defending champions edged out their rivals. Injuries to the young midfielder could affect the defending champions ahead of the playoff series.,Sports
Investors are watching the startup closely after a million downloads. A cybersecurity tool from the startup reported a security breach. Analysts linked an unexpected loss at the logistics company to increased competition. The social media platform confirmed record quarterly earnings linked to a cloud computing platform. The chipmaker confirmed a security breach linked to a cloud computing platform.,Technology
Engineers at the startup announced a cloud computing platform after several months of testing. Engineers at the robotics firm announced an autonomous delivery drone after three months of testing. The tech giant unveiled a new artificial intelligence model this week. The board of the airline met to discuss a sharp drop in profits. Engineers at the cloud provider announced a new artificial intelligence model after a dozen months of testing. Shares of the airline moved after the firm cited a new trade agreement. The robotics firm patched a critical flaw in a new artificial intelligence model this week.,Technology
Injuries to the goalkeeper could affect the visiting club ahead of the playoff series. The league leaders will face tough opposition in the next the qualifying round. Analysts expect the visiting club to reach the title decider this year. The coach credited the captain for scoring four goals this season. The documentary opened to mixed reviews this weekend.,Sports
Analysts linked an unexpected loss at the logistics company to a new trade agreement. The logistics company announced an unexpected loss in its latest earnings report. A machine learning framework from the tech giant reported a million downloads. Investors reacted cautiously to rising interest rates affecting the energy firm. Investors reacted cautiously to a new trade agreement affecting the airline. The energy firm announced strong consumer demand in its latest earnings report. Investors are watching the robotics firm closely after record quarterly earnings.,Business
Analysts linked a major merger at the manufacturer to higher fuel costs. The bank announced rising shares in its latest earnings report. The board of the conglomerate met to discuss a wave of layoffs. The board of the bank met to discuss a major merger.,Politics
Investors are watching the software company closely after significant delays. Analysts say the tech giant could see record quarterly earnings following the release of a flagship smartphone. Analysts linked a major merger at the retailer to increased competition. The board of the retailer met to discuss a major merger. Engineers at the startup announced a machine learning framework after two months of testing. The social media platform open-sourced a next-generation processor this week.,Technology
The Broadway musical broke records with a sold-out premiere. The defending champions will face tough opposition in the next the season opener. Reports say the fashion designer is finalizing the debut album after mixed reviews. The debut album opened to a viral social media moment this weekend. The actor was confirmed to headline the streaming series. Fans celebrated as the film director surprised fans with the debut album.,Business
The fashion designer will appear in three new projects after the awards ceremony. The streaming series opened to strong box office numbers this weekend. Analysts expect the national squad to reach the playoff series this year. The streaming series broke records with a top chart debut. The coach credited the captain for scoring four goals this season. The celebrity couple will appear in five new projects after the debut album.,Entertainment
The logistics company plans to open a dozen new locations despite supply chain disruptions. The software company confirmed a security breach linked to a new artificial intelligence model. The tech giant unveiled an autonomous delivery drone this week. Analysts say the tech giant could see significant delays following the release of a new artificial intelligence model. The social media platform confirmed significant delays linked to a cloud computing platform.,Technology
The coach credited the captain for scoring a record five goals this season. Fans praised the star forward after the visiting club came from behind to triumph. Analysts expect the defending champions to reach the international friendly this year. Fans praised the new signing after the defending champions dominated from start to finish.,Sports
Fans praised the veteran defender after the defending champions cruised to victory. The rookie team dominated from start to finish in the international friendly. Fans praised the star forward after the home side dominated from start to finish. Fans praised the new signing after the league leaders dominated from start to finish. The coach credited the new signing for scoring three goals this season.,Sports
The debut album opened to a top chart debut this weekend. The new film broke records with strong box office numbers. The television host surprised fans with the world tour. The home side will face tough opposition in the next the derby match. Fans celebrated as the fashion designer received widespread praise for the new film. The debut album opened to a viral social media moment this weekend. The debut album opened to a sold-out premiere this weekend.,Entertainment
Fans celebrated as the celebrity couple announced plans for the Broadway musical. The comedian surprised fans with the streaming series. The Broadway musical broke records with strong box office numbers. The debut album broke records with strong box office numbers. The film director faced criticism over the documentary. Critics highlighted a sold-out premiere following the release of the debut album.,Entertainment
Protesters gathered outside the senate committee to oppose the trade agreement. The airline announced rising shares in its latest earnings report. The foreign secretary met with several foreign delegates to discuss the immigration policy. The manufacturer plans to open five new locations despite inflation.,Politics
The ruling coalition is expected to vote on the healthcare reform next month. The manufacturer revised forecasts because of rising shares amid a new trade agreement. The prime minister called on the election commission to reconsider the constitutional amendment. The finance minister called on the ruling coalition to reconsider the constitutional amendment. The parliament postponed a decision on the immigration policy this week. The national assembly postponed a decision on the constitutional amendment this week.,Politics
The chipmaker confirmed a security breach linked to an autonomous delivery drone. The cloud provider confirmed a surge in user growth linked to a flagship smartphone. Shares of the bank moved after the firm cited rising interest rates. Investors are watching the cloud provider closely after strong developer interest. Analysts linked record quarterly revenue at the energy firm to rising interest rates.,Technology
A flagship smartphone from the startup reported significant delays. Investors are watching the tech giant closely after a million downloads. The cloud provider scaled up production of a cybersecurity tool this week. Shares of the logistics company moved after the firm cited inflation. Analysts linked strong consumer demand at the airline to rising interest rates.,Technology
Fans praised the captain after the rookie team secured a narrow win. The celebrity couple will appear in two new projects after the Broadway musical. Analysts expect the league leaders to reach the title decider this year. Injuries to the young midfielder could affect the home side ahead of the playoff series.,Sports
The prime minister defended the new tax bill during a press briefing. The ruling coalition is expected to vote on the constitutional amendment next month. Critics say the immigration policy could face two legal challenges. Shares of the retailer moved after the firm cited increased competition.,Politics
The board of the manufacturer met to discuss rising shares. Investors reacted cautiously to increased competition affecting the manufacturer. Investors are watching the social media platform closely after a security breach. Engineers at the startup announced a flagship smartphone after two months of testing. The software company confirmed a million downloads linked to a new artificial intelligence model. The startup confirmed record quarterly earnings linked to a new artificial intelligence model.,Technology
The national assembly is expected to vote on the trade agreement next month. The regional council postponed a decision on the trade agreement this week. The president called on the parliament to reconsider the immigration policy. Protesters gathered outside the parliament to oppose the trade agreement. The election commission postponed a decision on the immigration policy this week.,Sports
Analysts expect the home side to reach the title decider this year. The celebrity couple will appear in a dozen new projects after the documentary. The Broadway musical opened to a sold-out premiere this weekend. Reports say the celebrity couple is finalizing the documentary after a sold-out premiere. The world tour opened to a sold-out premiere this weekend. Analysts expect the home side to reach the derby match this year. The documentary broke records with strong box office numbers.,Entertainment
The defending champions will face tough opposition in the next the derby match. Injuries to the striker could affect the defending champions ahead of the title decider. Analysts expect the visiting club to reach the international friendly this year. Fans celebrated as the pop star celebrated the success of the streaming series. The goalkeeper was the standout performer during the season opener.,Sports
The manufacturer announced a sharp drop in profits amid a new trade agreement. The bank announced a sharp drop in profits in its latest earnings report. Protesters gathered outside the senate committee to oppose the healthcare reform. Analysts linked rising shares at the logistics company to higher fuel costs. The board of the manufacturer met to discuss a wave of layoffs. The cabinet postponed a decision on the healthcare reform this week.,Politics
The national assembly faced criticism over the trade agreement this week. The regional council is expected to vote on the constitutional amendment next month. Analysts linked an unexpected loss at the bank to increased competition. The foreign secretary met with two foreign delegates to discuss the election law. Protesters gathered outside the national assembly to oppose the election law.,Politics
The election commission is expected to vote on the healthcare reform next month. The prime minister defended the immigration policy during a press briefing. Investors reacted cautiously to rising interest rates affecting the conglomerate. The board of the retailer met to discuss record quarterly revenue. Critics say the healthcare reform could face a dozen legal challenges.,Politics
The new film opened to mixed reviews this weekend. Fans praised the young midfielder after the defending champions dominated from start to finish. The goalkeeper was the standout performer during the title decider. The actor announced plans for the streaming series. The debut album broke records with a viral social media moment.,Entertainment
Fans praised the new signing after the national squad edged out their rivals. Analysts expect the league leaders to reach the international friendly this year. The coach credited the star forward for scoring two goals this season. Fans praised the captain after the home side cruised to victory. Fans celebrated as the television host faced criticism over the debut album. The coach credited the captain for scoring seven goals this season. The veteran defender was the standout performer during the international friendly.,Sports
The regional council is expected to vote on the trade agreement next month. Protesters gathered outside the national assembly to oppose the budget proposal. The prime minister defended the new tax bill during a press briefing. The finance minister defended the trade agreement during a press briefing.,Politics
Shares of the airline moved after the firm cited higher fuel costs. The chipmaker scaled up production of a next-generation processor this week. The logistics company reported record quarterly revenue amid a new trade agreement. The manufacturer announced an unexpected loss in its latest earnings report.,Business
A new artificial intelligence model from the chipmaker reported a security breach. The airline announced a major merger amid supply chain disruptions. The cloud provider released a major update to a cloud computing platform this week. Analysts say the cloud provider could see a million downloads following the release of a machine learning framework. The cloud provider confirmed a surge in user growth linked to a flagship smartphone. Engineers at the software company announced a cloud computing platform after three months of testing. The cloud provider confirmed a million downloads linked to a flagship smartphone.,Technology
The retailer announced a wave of layoffs in its latest earnings report. Analysts linked an unexpected loss at the conglomerate to a new trade agreement. Protesters gathered outside the election commission to oppose the new tax bill. Shares of the retailer moved after the firm cited rising interest rates. Protesters gathered outside the election commission to oppose the trade agreement. The newly elected senator met with five foreign delegates to discuss the healthcare reform. The newly elected senator met with two foreign delegates to discuss the healthcare reform.,Politics
The star forward was the standout performer during the championship final. The underdogs will face tough opposition in the next the qualifying round. Analysts expect the rookie team to reach the derby match this year. The Broadway musical opened to a top chart debut this weekend.,Entertainment
Shares of the logistics company moved after the firm cited higher fuel costs. The retailer plans to open three new locations despite higher fuel costs. The board of the bank met to discuss record quarterly revenue. The board of the airline met to discuss a sharp drop in profits.,Business
Developers welcomed the cloud provider's decision to release a new artificial intelligence model. Investors are watching the robotics firm closely after record quarterly earnings. The manufacturer announced an unexpected loss amid changing consumer habits. Analysts linked rising shares at the energy firm to a new trade agreement. The board of the bank met to discuss a wave of layoffs.,Business
The coach credited the striker for scoring a record five goals this season. The coach credited the young midfielder for scoring two goals this season. The awards ceremony broke records with strong box office numbers. The rookie team cruised to victory in the international friendly. Analysts expect the rookie team to reach the derby match this year. Injuries to the young midfielder could affect the defending champions ahead of the derby match. The league leaders will face tough opposition in the next the title decider.,Sports
The bank announced strong consumer demand in its latest earnings report. The social media platform scaled up production of a cybersecurity tool this week. Engineers at the startup announced a cybersecurity tool after a dozen months of testing. Engineers at the startup announced a new artificial intelligence model after several months of testing. A cloud computing platform from the social media platform reported a million downloads. Shares of the manufacturer moved after the firm cited higher fuel costs. A new artificial intelligence model from the social media platform reported a surge in user growth.,Technology
Reports say the pop star is finalizing the documentary after record ticket sales. Injuries to the striker could affect the visiting club ahead of the title decider. The actor will appear in several new projects after the streaming series. Critics highlighted a top chart debut following the release of the Broadway musical. Injuries to the striker could affect the rookie team ahead of the qualifying round. The pop star will appear in a dozen new projects after the awards ceremony. Fans celebrated as the comedian received widespread praise for the world tour.,Entertainment
The chipmaker confirmed strong developer interest linked to a cloud computing platform. Analysts say the tech giant could see significant delays following the release of a new artificial intelligence model. Analysts say the chipmaker could see strong developer interest following the release of a cybersecurity tool. The chipmaker confirmed a million downloads linked to an autonomous delivery drone. Investors reacted cautiously to rising interest rates affecting the airline. Engineers at the tech giant announced a new artificial intelligence model after three months of testing. Engineers at the tech giant announced a next-generation processor after several months of testing.,Technology
The rookie team will face tough opposition in the next the title decider. The coach credited the captain for scoring four goals this season. Injuries to the veteran defender could affect the visiting club ahead of the qualifying round. Critics highlighted mixed reviews following the release of the Broadway musical. Injuries to the star forward could affect the defending champions ahead of the title decider. Critics highlighted a top chart debut following the release of the Broadway musical.,Sports
A cloud computing platform from the startup reported a surge in user growth. The logistics company announced strong consumer demand in its latest earnings report. A new artificial intelligence model from the social media platform reported strong developer interest. The conglomerate reported a sharp drop in profits amid a new trade agreement. The social media platform confirmed a security breach linked to a cloud computing platform.,Technology
Analysts expect the underdogs to reach the derby match this year. The national squad will face tough opposition in the next the derby match. Critics highlighted a viral social media moment following the release of the debut album. Fans praised the striker after the visiting club clinched a dramatic win. The rookie team dominated from start to finish in the playoff series.,Sports
Engineers at the startup announced an autonomous delivery drone after three months of testing. The chipmaker patched a critical flaw in a next-generation processor this week. A flagship smartphone from the software company reported significant delays. A new artificial intelligence model from the cloud provider reported a surge in user growth. The energy firm plans to open several new locations despite inflation. Investors are watching the chipmaker closely after strong developer interest.,Technology
The documentary broke records with a viral social media moment. The league leaders clinched a dramatic win in the derby match. The documentary broke records with a sold-out premiere. The captain was the standout performer during the international friendly.,Entertainment
The bank announced a wave of layoffs in its latest earnings report. The tech giant confirmed record quarterly earnings linked to a flagship smartphone. The manufacturer plans to open five new locations despite inflation. Shares of the energy firm moved after the firm cited inflation. Shares of the airline moved after the firm cited increased competition. Shares of the manufacturer moved after the firm cited rising interest rates. Developers welcomed the social media platform's decision to release a cloud computing platform.,Business
Analysts expect the league leaders to reach the title decider this year. The pop star was confirmed to headline the Broadway musical. The awards ceremony opened to a viral social media moment this weekend. Reports say the television host is finalizing the streaming series after a top chart debut. Analysts expect the underdogs to reach the season opener this year. The coach credited the goalkeeper for scoring seven goals this season.,Sports
The president called on the national assembly to reconsider the new tax bill. The regional council released a statement about the new tax bill this week. Critics say the election law could face a dozen legal challenges. Analysts linked record quarterly revenue at the energy firm to rising interest rates. The board of the bank met to discuss a major merger.,Politics
The new signing was the standout performer during the season opener. The defending champions edged out their rivals in the championship final. The veteran defender was the standout performer during the championship final. The national squad dominated from start to finish in the championship final.,Sports
The fashion designer received widespread praise for the world tour. The national squad came from behind to triumph in the international friendly. Fans praised the veteran defender after the national squad clinched a dramatic win. The awards ceremony opened to record ticket sales this weekend. Fans praised the goalkeeper after the rookie team cruised to victory. The home side clinched a dramatic win in the title decider. The documentary opened to a viral social media moment this weekend.,Sports
The manufacturer announced a wave of layoffs in its latest earnings report. A next-generation processor from the startup reported record quarterly earnings. Shares of the manufacturer moved after the firm cited supply chain disruptions. Analysts linked rising shares at the retailer to increased competition. The bank announced record quarterly revenue in its latest earnings report. The board of the energy firm met to discuss an unexpected loss. Shares of the retailer moved after the firm cited higher fuel costs.,Business
The opposition leader defended the trade agreement during a press briefing. The newly elected senator met with two foreign delegates to discuss the constitutional amendment. The opposition leader defended the new tax bill during a press briefing. The energy firm plans to open two new locations despite supply chain disruptions. The energy firm announced rising shares in its latest earnings report.,Politics
Shares of the manufacturer moved after the firm cited higher fuel costs. Developers welcomed the tech giant's decision to release an autonomous delivery drone. The bank plans to open several new locations despite supply chain disruptions. The board of the energy firm met to discuss a wave of layoffs.,Business
The energy firm plans to open five new locations despite higher fuel costs. The chipmaker patched a critical flaw in a cybersecurity tool this week. The board of the manufacturer met to discuss a major merger. The conglomerate announced record quarterly revenue in its latest earnings report. Investors reacted cautiously to a new trade agreement affecting the logistics company. Shares of the energy firm moved after the firm cited increased competition. Analysts linked rising shares at the energy firm to increased competition.,Business
The cabinet faced criticism over the election law this week. The prime minister defended the healthcare reform during a press briefing. The ruling coalition is expected to vote on the new tax bill next month. Protesters gathered outside the national assembly to oppose the election law. Analysts linked a major merger at the bank to supply chain disruptions. Protesters gathered outside the national assembly to oppose the healthcare reform. Analysts linked record quarterly revenue at the bank to changing consumer habits.,Business
The cloud provider confirmed significant delays linked to a machine learning framework. Investors are watching the chipmaker closely after a surge in user growth. Engineers at the chipmaker announced a cloud computing platform after five months of testing. Analysts say the startup could see strong developer interest following the release of a machine learning framework. A cybersecurity tool from the cloud provider reported a million downloads.,Technology
Analysts say the robotics firm could see a million downloads following the release of a machine learning framework. The social media platform open-sourced an autonomous delivery drone this week. The software company confirmed record quarterly earnings linked to a new artificial intelligence model. Developers welcomed the tech giant's decision to release a cloud computing platform. The retailer plans to open three new locations despite inflation. Analysts say the social media platform could see significant delays following the release of a machine learning framework.,Technology
The league leaders will face tough opposition in the next the season opener. The debut album opened to mixed reviews this weekend. The striker was the standout performer during the playoff series. The goalkeeper was the standout performer during the qualifying round. The coach credited the veteran defender for scoring two goals this season. Critics highlighted a top chart debut following the release of the debut album. Reports say the celebrity couple is finalizing the debut album after a viral social media moment.,Sports
The veteran defender was the standout performer during the playoff series. Fans praised the new signing after the league leaders dominated from start to finish. Analysts expect the league leaders to reach the qualifying round this year. The captain was the standout performer during the qualifying round. The young midfielder was the standout performer during the title decider. The goalkeeper was the standout performer during the international friendly. The national squad will face tough opposition in the next the playoff series.,Sports
Protesters gathered outside the national assembly to oppose the healthcare reform. Protesters gathered outside the election commission to oppose the trade agreement. The newly elected senator called on the ruling coalition to reconsider the new tax bill. Critics say the budget proposal could face two legal challenges. Critics say the new tax bill could face several legal challenges. The president defended the trade agreement during a press briefing.,Politics
Analysts say the tech giant could see strong developer interest following the release of a flagship smartphone. A machine learning framework from the chipmaker reported a security breach. The software company open-sourced an autonomous delivery drone this week. The startup released a major update to a new artificial intelligence model this week. The cloud provider released a major update to a new artificial intelligence model this week.,Technology
Protesters gathered outside the election commission to oppose the election law. The national assembly is expected to vote on the budget proposal next month. Protesters gathered outside the regional council to oppose the healthcare reform. The opposition leader called on the ruling coalition to reconsider the budget proposal. Protesters gathered outside the election commission to oppose the trade agreement. Critics say the trade agreement could face two legal challenges. The manufacturer warned investors about an unexpected loss amid a new trade agreement.,Politics
Analysts expect the defending champions to reach the title decider this year. The young midfielder was the standout performer during the international friendly. Critics highlighted strong box office numbers following the release of the documentary. Analysts expect the rookie team to reach the playoff series this year. The new signing was the standout performer during the derby match. Analysts expect the home side to reach the title decider this year. The Broadway musical opened to a sold-out premiere this weekend.,Sports
Critics highlighted strong box office numbers following the release of the new film. Analysts expect the home side to reach the season opener this year. Critics highlighted mixed reviews following the release of the Broadway musical. The visiting club came from behind to triumph in the title decider. Fans celebrated as the fashion designer was confirmed to headline the awards ceremony. The striker was the standout performer during the international friendly. The Broadway musical opened to a sold-out premiere this weekend.,Entertainment
The coach credited the captain for scoring seven goals this season. Injuries to the captain could affect the defending champions ahead of the derby match. Fans praised the captain after the defending champions clinched a dramatic win. Fans celebrated as the comedian surprised fans with the Broadway musical.,Sports
The actor will appear in several new projects after the awards ceremony. The star forward was the standout performer during the derby match. Injuries to the goalkeeper could affect the home side ahead of the championship final. Analysts expect the underdogs to reach the international friendly this year.,Sports
The tech giant scaled up production of a cloud computing platform this week. The logistics company plans to open a dozen new locations despite rising interest rates. The cloud provider confirmed significant delays linked to a flagship smartphone. Analysts say the chipmaker could see strong developer interest following the release of a cloud computing platform. The chipmaker began testing a next-generation processor this week.,Technology
Investors reacted cautiously to rising interest rates affecting the energy firm. Analysts say the social media platform could see a security breach following the release of a cybersecurity tool. The manufacturer responded to strong consumer demand amid changing consumer habits. Investors are watching the cloud provider closely after a surge in user growth.,Technology
The startup scaled up production of a cloud computing platform this week. Investors are watching the chipmaker closely after a surge in user growth. Analysts say the startup could see record quarterly earnings following the release of a machine learning framework. Analysts linked rising shares at the airline to higher fuel costs. Investors reacted cautiously to rising interest rates affecting the manufacturer. Analysts linked a major merger at the manufacturer to supply chain disruptions.,Technology
The cabinet debated for hours before approving the healthcare reform this week. The ruling coalition held emergency talks over the constitutional amendment this week. The opposition leader called on the parliament to reconsider the constitutional amendment. The cabinet released a statement about the election law this week.,Politics
The conglomerate reported a major merger amid changing consumer habits. Protesters gathered outside the election commission to oppose the new tax bill. The bank plans to open three new locations despite inflation. The newly elected senator called on the parliament to reconsider the immigration policy. The president defended the healthcare reform during a press briefing. The president defended the healthcare reform during a press briefing. The state governor called on the ruling coalition to reconsider the new tax bill.,Politics
Analysts say the cloud provider could see strong developer interest following the release of a new artificial intelligence model. A machine learning framework from the software company reported a million downloads. Analysts linked an unexpected loss at the manufacturer to rising interest rates. The tech giant open-sourced an autonomous delivery drone this week. The robotics firm confirmed significant delays linked to a next-generation processor.,Technology
Investors reacted cautiously to increased competition affecting the airline. The logistics company plans to open a dozen new locations despite supply chain disruptions. The parliament voted narrowly to pass the healthcare reform this week. The state governor defended the election law during a press briefing. Critics say the budget proposal could face a dozen legal challenges. The prime minister defended the immigration policy during a press briefing. The president defended the budget proposal during a press briefing.,Politics
The awards ceremony broke records with strong box office numbers. The film director will appear in five new projects after the documentary. Analysts expect the rookie team to reach the championship final this year. Critics highlighted mixed reviews following the release of the Broadway musical. The awards ceremony opened to record ticket sales this weekend. Fans celebrated as the celebrity couple celebrated the success of the world tour. The comedian will appear in several new projects after the world tour.,Entertainment
Critics highlighted strong box office numbers following the release of the streaming series. Analysts expect the rookie team to reach the qualifying round this year. Analysts expect the league leaders to reach the qualifying round this year. The fashion designer will appear in a dozen new projects after the new film. The fashion designer celebrated the success of the awards ceremony.,Entertainment
Developers welcomed the chipmaker's decision to release an autonomous delivery drone. The tech giant confirmed strong developer interest linked to an autonomous delivery drone. A flagship smartphone from the tech giant reported strong developer interest. The board of the retailer met to discuss rising shares.,Technology
The rookie team dominated from start to finish in the championship final. The coach credited the goalkeeper for scoring two goals this season. The veteran defender was the standout performer during the title decider. The fashion designer surprised fans with the streaming series. The awards ceremony broke records with mixed reviews. The national squad secured a narrow win in the playoff series.,Sports
Fans celebrated as the comedian celebrated the success of the debut album. The coach credited the captain for scoring two goals this season. Fans praised the new signing after the defending champions clinched a dramatic win. The coach credited the goalkeeper for scoring four goals this season.,Sports
Critics say the trade agreement could face a dozen legal challenges. The parliament voted narrowly to pass the healthcare reform this week. Protesters gathered outside the senate committee to oppose the election law. Protesters gathered outside the ruling coalition to oppose the new tax bill. Critics say the election law could face five legal challenges.,Politics
The pop star will appear in a dozen new projects after the streaming series. The comedian will appear in five new projects after the world tour. The documentary opened to strong box office numbers this weekend. The celebrity couple will appear in several new projects after the streaming series. Critics highlighted mixed reviews following the release of the world tour.,Entertainment
The rookie team will face tough opposition in the next the qualifying round. The Broadway musical opened to mixed reviews this weekend. The coach credited the goalkeeper for scoring four goals this season. The coach credited the captain for scoring two goals this season. Critics highlighted strong box office numbers following the release of the streaming series. Injuries to the goalkeeper could affect the defending champions ahead of the international friendly. Analysts expect the home side to reach the championship final this year.,Sports
Analysts expect the rookie team to reach the championship final this year. The goalkeeper was the standout performer during the derby match. Fans praised the star forward after the rookie team edged out their rivals. Injuries to the captain could affect the visiting club ahead of the title decider.,Sports
The prime minister met with five foreign delegates to discuss the trade agreement. The opposition leader met with a dozen foreign delegates to discuss the budget proposal. The finance minister called on the national assembly to reconsider the healthcare reform. The newly elected senator called on the parliament to reconsider the trade agreement. The board of the energy firm met to discuss a wave of layoffs. The state governor called on the regional council to reconsider the trade agreement. The finance minister defended the constitutional amendment during a press briefing.,Politics
Engineers at the chipmaker announced a next-generation processor after three months of testing. The board of the energy firm met to discuss an unexpected loss. Investors reacted cautiously to changing consumer habits affecting the energy firm. The retailer plans to open two new locations despite changing consumer habits.,Business
The bank announced an unexpected loss amid supply chain disruptions. The board of the energy firm met to discuss record quarterly revenue. The robotics firm released a major update to a machine learning framework this week. Developers welcomed the robotics firm's decision to release a next-generation processor.,Technology
Developers welcomed the robotics firm's decision to release a cloud computing platform. Developers welcomed the startup's decision to release a flagship smartphone. Shares of the conglomerate moved after the firm cited rising interest rates. Investors are watching the startup closely after significant delays. The airline plans to open five new locations despite higher fuel costs. The cloud provider scaled up production of a next-generation processor this week.,Technology
The state governor called on the parliament to reconsider the constitutional amendment. The newly elected senator met with two foreign delegates to discuss the trade agreement. The opposition leader met with three foreign delegates to discuss the budget proposal. Protesters gathered outside the cabinet to oppose the healthcare reform. Protesters gathered outside the ruling coalition to oppose the election law.,Politics
The national squad secured a narrow win in the derby match. Fans praised the striker after the home side secured a narrow win. Injuries to the young midfielder could affect the rookie team ahead of the season opener. The coach credited the striker for scoring a record five goals this season. The young midfielder was the standout performer during the championship final. The underdogs secured a narrow win in the title decider.,Sports
A cybersecurity tool from the cloud provider reported significant delays. Developers welcomed the social media platform's decision to release a cybersecurity tool. Investors are watching the cloud provider closely after a million downloads. Developers welcomed the cloud provider's decision to release a cybersecurity tool.,Technology
The national squad will face tough opposition in the next the title decider. Fans celebrated as the television host was confirmed to headline the new film. The coach credited the goalkeeper for scoring seven goals this season. Injuries to the new signing could affect the home side ahead of the title decider. Fans praised the star forward after the visiting club secured a narrow win. Injuries to the young midfielder could affect the defending champions ahead of the international friendly. Reports say the pop star is finalizing the streaming series after a top chart debut.,Sports
Injuries to the star forward could affect the visiting club ahead of the season opener. Reports say the comedian is finalizing the new film after mixed reviews. Injuries to the veteran defender could affect the rookie team ahead of the season opener. Analysts expect the rookie team to reach the international friendly this year. The home side will face tough opposition in the next the derby match. The coach credited the young midfielder for scoring two goals this season.,Sports
Fans praised the striker after the home side came from behind to triumph. The actor will appear in a dozen new projects after the debut album. The film director surprised fans with the debut album. Critics highlighted strong box office numbers following the release of the debut album. Fans celebrated as the television host celebrated the success of the Broadway musical. The celebrity couple faced criticism over the awards ceremony.,Entertainment
Developers welcomed the chipmaker's decision to release an autonomous delivery drone. Engineers at the cloud provider announced a cloud computing platform after a dozen months of testing. Analysts say the startup could see a security breach following the release of a next-generation processor. Engineers at the cloud provider announced a next-generation processor after five months of testing.,Technology
Fans praised the goalkeeper after the rookie team came from behind to triumph. The captain was the standout performer during the derby match. Analysts expect the visiting club to reach the title decider this year. The defending champions will face tough opposition in the next the derby match. Fans praised the veteran defender after the league leaders edged out their rivals. Injuries to the new signing could affect the rookie team ahead of the championship final. Injuries to the goalkeeper could affect the national squad ahead of the qualifying round.,Sports
The regional council is expected to vote on the immigration policy next month. The president defended the new tax bill during a press briefing. The ruling coalition postponed a decision on the election law this week. Critics say the immigration policy could face several legal challenges. The conglomerate attributed a sharp drop in profits amid supply chain disruptions. Shares of the retailer moved after the firm cited changing consumer habits. The finance minister called on the national assembly to reconsider the constitutional amendment.,Politics
Critics say the healthcare reform could face several legal challenges. The board of the bank met to discuss an unexpected loss. Protesters gathered outside the senate committee to oppose the election law. The state governor defended the trade agreement during a press briefing.,Politics
The underdogs will face tough opposition in the next the international friendly. Reports say the comedian is finalizing the awards ceremony after a top chart debut. Reports say the pop star is finalizing the debut album after strong box office numbers. The awards ceremony opened to strong box office numbers this weekend.,Entertainment
The Broadway musical broke records with strong box office numbers. The underdogs dominated from start to finish in the title decider. Analysts expect the visiting club to reach the championship final this year. The coach credited the captain for scoring three goals this season.,Sports
The comedian was confirmed to headline the debut album. Fans praised the star forward after the underdogs edged out their rivals. The Broadway musical opened to a top chart debut this weekend. The awards ceremony opened to a sold-out premiere this weekend. The national squad came from behind to triumph in the derby match.,Entertainment
The cabinet is expected to vote on the budget proposal next month. Shares of the energy firm moved after the firm cited increased competition. The cabinet is expected to vote on the election law next month. The prime minister met with three foreign delegates to discuss the constitutional amendment.,Politics
Critics highlighted a top chart debut following the release of the documentary. Fans praised the young midfielder after the rookie team cruised to victory. Fans celebrated as the television host received widespread praise for the Broadway musical. Fans celebrated as the celebrity couple surprised fans with the new film. The celebrity couple will appear in five new projects after the debut album. Injuries to the young midfielder could affect the rookie team ahead of the qualifying round.,Entertainment
Critics highlighted record ticket sales following the release of the awards ceremony. Analysts expect the rookie team to reach the championship final this year. Reports say the television host is finalizing the documentary after a sold-out premiere. The documentary opened to a top chart debut this weekend.,Entertainment
Fans praised the star forward after the league leaders edged out their rivals. The world tour broke records with record ticket sales. The comedian received widespread praise for the awards ceremony. Critics highlighted a viral social media moment following the release of the Broadway musical.,Entertainment
Analysts linked a major merger at the logistics company to changing consumer habits. Engineers at the tech giant announced a next-generation processor after three months of testing. The conglomerate announced record quarterly revenue in its latest earnings report. Shares of the conglomerate moved after the firm cited changing consumer habits. Investors are watching the startup closely after strong developer interest. The manufacturer announced a wave of layoffs in its latest earnings report.,Business
The newly elected senator called on the cabinet to reconsider the budget proposal. The senate committee is expected to vote on the new tax bill next month. The state governor called on the ruling coalition to reconsider the trade agreement. Analysts linked record quarterly revenue at the airline to supply chain disruptions.,Politics
Analysts linked a major merger at the airline to increased competition. Analysts say the robotics firm could see record quarterly earnings following the release of a next-generation processor. Investors are watching the robotics firm closely after a security breach. The software company recalled a machine learning framework this week.,Politics
The board of the energy firm met to discuss a major merger. A next-generation processor from the social media platform reported record quarterly earnings. An autonomous delivery drone from the chipmaker reported a million downloads. The board of the bank met to discuss a wave of layoffs. Developers welcomed the startup's decision to release a flagship smartphone. Analysts say the robotics firm could see a security breach following the release of a new artificial intelligence model. Developers welcomed the cloud provider's decision to release an autonomous delivery drone.,Technology
A cloud computing platform from the chipmaker reported a surge in user growth. The board of the manufacturer met to discuss record quarterly revenue. The logistics company responded to strong consumer demand amid higher fuel costs. Analysts say the startup could see a security breach following the release of a flagship smartphone. A next-generation processor from the robotics firm reported strong developer interest.,Technology
The logistics company announced a sharp drop in profits in its latest earnings report. The social media platform recalled an autonomous delivery drone this week. The airline responded to a major merger amid changing consumer habits. Investors are watching the startup closely after a security breach. Engineers at the chipmaker announced a flagship smartphone after two months of testing.,Technology
Critics say the budget proposal could face several legal challenges. Protesters gathered outside the national assembly to oppose the new tax bill. The ruling coalition held emergency talks over the new tax bill this week. The newly elected senator met with a dozen foreign delegates to discuss the election law. Analysts linked a major merger at the energy firm to inflation. The senate committee is expected to vote on the election law next month. Critics say the constitutional amendment could face a dozen legal challenges.,Politics
Investors reacted cautiously to a new trade agreement affecting the airline. The robotics firm recalled a next-generation processor this week. Analysts say the tech giant could see a surge in user growth following the release of a cybersecurity tool. The logistics company attributed an unexpected loss amid increased competition. Investors reacted cautiously to rising interest rates affecting the energy firm. Investors reacted cautiously to rising interest rates affecting the bank.,Business
Analysts expect the visiting club to reach the season opener this year. The Broadway musical broke records with a top chart debut. Analysts expect the league leaders to reach the title decider this year. The awards ceremony opened to a viral social media moment this weekend. Reports say the actor is finalizing the awards ceremony after a top chart debut.,Technology
Analysts say the robotics firm could see record quarterly earnings following the release of a flagship smartphone. The board of the bank met to discuss a sharp drop in profits. The board of the energy firm met to discuss a sharp drop in profits. The airline announced a sharp drop in profits amid changing consumer habits. The energy firm plans to open a dozen new locations despite changing consumer habits. The bank warned investors about a wave of layoffs amid inflation. The retailer plans to open several new locations despite increased competition.,Politics
Fans praised the striker after the visiting club came from behind to triumph. The celebrity couple will appear in several new projects after the documentary. The coach credited the young midfielder for scoring seven goals this season. The documentary opened to mixed reviews this weekend.,Entertainment
The national assembly is expected to vote on the immigration policy next month. Protesters gathered outside the national assembly to oppose the election law. The regional council voted narrowly to pass the election law this week. The prime minister called on the national assembly to reconsider the new tax bill.,Politics
Critics say the immigration policy could face a dozen legal challenges. Critics say the election law could face three legal challenges. The foreign secretary met with two foreign delegates to discuss the new tax bill. The newly elected senator defended the new tax bill during a press briefing. The logistics company revised forecasts because of rising shares amid increased competition. The regional council faced criticism over the budget proposal this week. The senate committee is expected to vote on the healthcare reform next month.,Politics
The parliament faced criticism over the election law this week. The ruling coalition held emergency talks over the budget proposal this week. The foreign secretary met with two foreign delegates to discuss the immigration policy. The prime minister defended the budget proposal during a press briefing.,Politics
The opposition leader met with three foreign delegates to discuss the constitutional amendment. The president called on the senate committee to reconsider the new tax bill. Critics say the healthcare reform could face five legal challenges. The opposition leader defended the budget proposal during a press briefing. The prime minister called on the parliament to reconsider the election law.,Politics
The fashion designer faced criticism over the Broadway musical. Reports say the actor is finalizing the new film after record ticket sales. The celebrity couple surprised fans with the debut album. The fashion designer received widespread praise for the documentary.,Entertainment
Engineers at the software company announced a cloud computing platform after three months of testing. A flagship smartphone from the chipmaker reported a surge in user growth. A next-generation processor from the tech giant reported a security breach. Shares of the retailer moved after the firm cited inflation. The social media platform patched a critical flaw in a next-generation processor this week. A new artificial intelligence model from the social media platform reported a surge in user growth.,Technology
Critics highlighted strong box office numbers following the release of the documentary. Fans celebrated as the pop star announced plans for the documentary. The world tour broke records with strong box office numbers. Reports say the fashion designer is finalizing the documentary after strong box office numbers.,Entertainment
The bank plans to open several new locations despite higher fuel costs. The logistics company announced a major merger in its latest earnings report. Analysts say the social media platform could see significant delays following the release of a flagship smartphone. Developers welcomed the software company's decision to release a flagship smartphone.,Business
Critics say the immigration policy could face five legal challenges. Shares of the retailer moved after the firm cited changing consumer habits. The president met with several foreign delegates to discuss the trade agreement. The airline announced an unexpected loss in its latest earnings report.,Politics
The coach credited the new signing for scoring two goals this season. The streaming series broke records with a sold-out premiere. Reports say the comedian is finalizing the streaming series after record ticket sales. Critics highlighted a top chart debut following the release of the documentary.,Entertainment
Shares of the bank moved after the firm cited supply chain disruptions. The airline warned investors about an unexpected loss amid higher fuel costs. Investors are watching the tech giant closely after significant delays. The board of the retailer met to discuss strong consumer demand. Investors reacted cautiously to higher fuel costs affecting the logistics company. Analysts linked rising shares at the manufacturer to changing consumer habits. The board of the energy firm met to discuss a sharp drop in profits.,Business
Fans celebrated as the comedian faced criticism over the new film. The star forward was the standout performer during the playoff series. Fans celebrated as the comedian was confirmed to headline the debut album. The pop star was confirmed to headline the new film. Injuries to the goalkeeper could affect the defending champions ahead of the international friendly. The national squad clinched a dramatic win in the qualifying round.,Entertainment
Analysts expect the national squad to reach the title decider this year. The national squad edged out their rivals in the international friendly. Reports say the comedian is finalizing the world tour after a sold-out premiere. The new film opened to mixed reviews this weekend. Critics highlighted mixed reviews following the release of the awards ceremony.,Sports
The defending champions will face tough opposition in the next the title decider. Injuries to the captain could affect the underdogs ahead of the qualifying round. The home side will face tough opposition in the next the qualifying round. The home side dominated from start to finish in the title decider. Fans celebrated as the film director was confirmed to headline the streaming series.,Sports
The home side will face tough opposition in the next the derby match. The star forward was the standout performer during the playoff series. The home side will face tough opposition in the next the season opener. Fans praised the captain after the league leaders clinched a dramatic win. Fans praised the striker after the national squad cruised to victory. Fans praised the young midfielder after the national squad edged out their rivals. Injuries to the new signing could affect the home side ahead of the derby match.,Sports
The airline attributed a major merger amid supply chain disruptions. Protesters gathered outside the regional council to oppose the election law. Protesters gathered outside the ruling coalition to oppose the constitutional amendment. The foreign secretary called on the ruling coalition to reconsider the constitutional amendment. The finance minister met with five foreign delegates to discuss the healthcare reform. The board of the conglomerate met to discuss a sharp drop in profits. Protesters gathered outside the regional council to oppose the budget proposal.,Politics
Shares of the retailer moved after the firm cited higher fuel costs. Shares of the energy firm moved after the firm cited higher fuel costs. Shares of the energy firm moved after the firm cited inflation. The cabinet voted narrowly to pass the budget proposal this week.,Sports
Critics highlighted a sold-out premiere following the release of the streaming series. Fans celebrated as the celebrity couple faced criticism over the documentary. The film director will appear in several new projects after the world tour. Fans celebrated as the celebrity couple was confirmed to headline the Broadway musical. Injuries to the captain could affect the national squad ahead of the international friendly.,Entertainment
Injuries to the young midfielder could affect the league leaders ahead of the derby match. The underdogs dominated from start to finish in the international friendly. Analysts expect the national squad to reach the title decider this year. The home side came from behind to triumph in the qualifying round.,Politics
The coach credited the star forward for scoring four goals this season. The young midfielder was the standout performer during the derby match. The visiting club will face tough opposition in the next the international friendly. The fashion designer was confirmed to headline the debut album.,Entertainment
Injuries to the striker could affect the underdogs ahead of the derby match. Fans praised the striker after the visiting club dominated from start to finish. Fans celebrated as the comedian received widespread praise for the world tour. Fans praised the captain after the rookie team clinched a dramatic win. Analysts expect the defending champions to reach the playoff series this year. The striker was the standout performer during the season opener.,Sports
The energy firm revised forecasts because of a sharp drop in profits amid supply chain disruptions. Shares of the airline moved after the firm cited inflation. Investors reacted cautiously to changing consumer habits affecting the bank. The state governor met with two foreign delegates to discuss the immigration policy. The senate committee voted narrowly to pass the budget proposal this week. The newly elected senator met with a dozen foreign delegates to discuss the immigration policy.,Politics
The underdogs will face tough opposition in the next the title decider. The television host will appear in several new projects after the documentary. Analysts expect the defending champions to reach the international friendly this year. The defending champions will face tough opposition in the next the derby match. Fans praised the captain after the visiting club dominated from start to finish.,Sports
The board of the retailer met to discuss strong consumer demand. Shares of the bank moved after the firm cited higher fuel costs. Shares of the retailer moved after the firm cited increased competition. The board of the manufacturer met to discuss rising shares.,Business
The Broadway musical broke records with a top chart debut. The documentary opened to record ticket sales this weekend. The coach credited the captain for scoring four goals this season. The new film broke records with a sold-out premiere. The actor will appear in five new projects after the documentary. The goalkeeper was the standout performer during the derby match.,Entertainment
Analysts expect the defending champions to reach the international friendly this year. The pop star received widespread praise for the streaming series. The home side cruised to victory in the qualifying round. The veteran defender was the standout performer during the title decider. Analysts expect the visiting club to reach the international friendly this year. The striker was the standout performer during the playoff series.,Sports
The bank announced a wave of layoffs in its latest earnings report. Shares of the retailer moved after the firm cited rising interest rates. The chipmaker recalled a cybersecurity tool this week. The conglomerate announced an unexpected loss in its latest earnings report. Investors reacted cautiously to increased competition affecting the bank. Investors are watching the startup closely after record quarterly earnings. The energy firm announced a major merger in its latest earnings report.,Entertainment
Fans celebrated as the fashion designer faced criticism over the world tour. Fans praised the striker after the national squad secured a narrow win. Injuries to the new signing could affect the underdogs ahead of the season opener. Fans celebrated as the pop star received widespread praise for the new film.,Entertainment
The veteran defender was the standout performer during the qualifying round. Injuries to the captain could affect the league leaders ahead of the season opener. The rookie team will face tough opposition in the next the derby match. The pop star received widespread praise for the awards ceremony.,Sports
The chipmaker scaled up production of a next-generation processor this week. The software company open-sourced an autonomous delivery drone this week. The board of the manufacturer met to discuss a sharp drop in profits. Analysts linked an unexpected loss at the manufacturer to higher fuel costs.,Business
The startup confirmed record quarterly earnings linked to a cybersecurity tool. An autonomous delivery drone from the software company reported a security breach. The cloud provider confirmed a surge in user growth linked to a machine learning framework. Developers welcomed the social media platform's decision to release a next-generation processor. Developers welcomed the software company's decision to release a new artificial intelligence model. The logistics company plans to open several new locations despite inflation. Engineers at the robotics firm announced a flagship smartphone after a dozen months of testing.,Technology
The prime minister met with three foreign delegates to discuss the healthcare reform. The ruling coalition is expected to vote on the budget proposal next month. The national assembly is expected to vote on the election law next month. The manufacturer reported record quarterly revenue amid supply chain disruptions. The airline revised forecasts because of rising shares amid changing consumer habits. The senate committee voted narrowly to pass the new tax bill this week.,Politics
The visiting club will face tough opposition in the next the title decider. Fans praised the striker after the league leaders cruised to victory. Fans celebrated as the pop star was confirmed to headline the world tour. The film director celebrated the success of the world tour. The rookie team will face tough opposition in the next the title decider. The awards ceremony broke records with strong box office numbers.,Entertainment
The awards ceremony opened to a sold-out premiere this weekend. The film director announced plans for the documentary. Critics highlighted strong box office numbers following the release of the Broadway musical. The comedian will appear in five new projects after the Broadway musical. The pop star celebrated the success of the world tour. Critics highlighted a sold-out premiere following the release of the Broadway musical. The awards ceremony opened to a sold-out premiere this weekend.,Entertainment
A cybersecurity tool from the software company reported a security breach. Shares of the manufacturer moved after the firm cited higher fuel costs. Engineers at the startup announced a flagship smartphone after several months of testing. Engineers at the social media platform announced a machine learning framework after several months of testing.,Sports
The newly elected senator met with a dozen foreign delegates to discuss the constitutional amendment. The prime minister met with two foreign delegates to discuss the election law. The foreign secretary called on the regional council to reconsider the healthcare reform. The president defended the trade agreement during a press briefing. Critics say the budget proposal could face five legal challenges.,Politics
Critics say the immigration policy could face two legal challenges. Protesters gathered outside the national assembly to oppose the trade agreement. The election commission postponed a decision on the trade agreement this week. Protesters gathered outside the national assembly to oppose the new tax bill. The opposition leader defended the immigration policy during a press briefing.,Politics
The world tour opened to mixed reviews this weekend. The documentary opened to mixed reviews this weekend. The Broadway musical opened to a viral social media moment this weekend. The coach credited the captain for scoring three goals this season. The new signing was the standout performer during the championship final. The new film opened to record ticket sales this weekend. Fans celebrated as the fashion designer faced criticism over the documentary.,Entertainment
The veteran defender was the standout performer during the derby match. Injuries to the new signing could affect the league leaders ahead of the playoff series. The pop star received widespread praise for the debut album. The new film opened to strong box office numbers this weekend. Reports say the celebrity couple is finalizing the world tour after strong box office numbers. The actor announced plans for the new film. The visiting club edged out their rivals in the qualifying round.,Entertainment
Investors reacted cautiously to supply chain disruptions affecting the retailer. A cybersecurity tool from the tech giant reported a million downloads. Analysts linked a sharp drop in profits at the conglomerate to changing consumer habits. The manufacturer announced record quarterly revenue in its latest earnings report. Investors reacted cautiously to increased competition affecting the retailer. The software company scaled up production of a cybersecurity tool this week. Investors reacted cautiously to rising interest rates affecting the airline.,Business
The underdogs will face tough opposition in the next the title decider. The goalkeeper was the standout performer during the playoff series. Reports say the pop star is finalizing the new film after a top chart debut. The coach credited the young midfielder for scoring seven goals this season. The underdogs will face tough opposition in the next the international friendly. Fans praised the young midfielder after the defending champions cruised to victory. The captain was the standout performer during the season opener.,Sports
Fans praised the veteran defender after the rookie team secured a narrow win. The new signing was the standout performer during the derby match. The new signing was the standout performer during the qualifying round. Critics highlighted mixed reviews following the release of the awards ceremony. The league leaders secured a narrow win in the title decider. Fans praised the new signing after the home side came from behind to triumph. The coach credited the captain for scoring a record five goals this season.,Sports
The striker was the standout performer during the season opener. The streaming series broke records with a sold-out premiere. Injuries to the new signing could affect the visiting club ahead of the playoff series. Injuries to the striker could affect the rookie team ahead of the championship final. The underdogs will face tough opposition in the next the qualifying round.,Sports
The manufacturer plans to open three new locations despite inflation. Engineers at the cloud provider announced a next-generation processor after two months of testing. Investors are watching the social media platform closely after a million downloads. A flagship smartphone from the social media platform reported a million downloads.,Technology
Shares of the airline moved after the firm cited rising interest rates. The airline announced an unexpected loss in its latest earnings report. The airline announced an unexpected loss in its latest earnings report. The conglomerate plans to open five new locations despite rising interest rates.,Business
The chipmaker scaled up production of an autonomous delivery drone this week. The robotics firm unveiled a new artificial intelligence model this week. The tech giant unveiled a cybersecurity tool this week. The energy firm announced a wave of layoffs in its latest earnings report. The social media platform open-sourced a machine learning framework this week. An autonomous delivery drone from the social media platform reported significant delays.,Technology
The comedian will appear in several new projects after the awards ceremony. Reports say the film director is finalizing the new film after a viral social media moment. Analysts expect the rookie team to reach the qualifying round this year. Critics highlighted a top chart debut following the release of the debut album. Fans praised the striker after the visiting club dominated from start to finish. Reports say the celebrity couple is finalizing the world tour after record ticket sales.,Entertainment
The retailer announced a sharp drop in profits in its latest earnings report. Analysts say the robotics firm could see a security breach following the release of a new artificial intelligence model. The conglomerate attributed a wave of layoffs amid inflation. Analysts say the startup could see a security breach following the release of a cloud computing platform. An autonomous delivery drone from the social media platform reported a surge in user growth. Shares of the conglomerate moved after the firm cited inflation. A next-generation processor from the cloud provider reported record quarterly earnings.,Business
A new artificial intelligence model from the software company reported a million downloads. The logistics company warned investors about an unexpected loss amid inflation. The logistics company reported a wave of layoffs amid a new trade agreement. Investors reacted cautiously to supply chain disruptions affecting the logistics company.,Business
The captain was the standout performer during the international friendly. The national squad dominated from start to finish in the season opener. The film director will appear in five new projects after the world tour. The rookie team will face tough opposition in the next the championship final. The coach credited the striker for scoring four goals this season. The comedian faced criticism over the debut album.,Sports
Analysts say the cloud provider could see a security breach following the release of a new artificial intelligence model. Engineers at the software company announced an autonomous delivery drone after three months of testing. Developers welcomed the social media platform's decision to release a flagship smartphone. An autonomous delivery drone from the robotics firm reported a security breach. Developers welcomed the software company's decision to release a cybersecurity tool. Developers welcomed the social media platform's decision to release a cybersecurity tool.,Technology
The visiting club clinched a dramatic win in the championship final. The home side will face tough opposition in the next the championship final. The pop star will appear in a dozen new projects after the streaming series. Injuries to the star forward could affect the league leaders ahead of the season opener. Injuries to the veteran defender could affect the visiting club ahead of the international friendly. Critics highlighted a top chart debut following the release of the world tour.,Sports
Injuries to the veteran defender could affect the home side ahead of the championship final. Injuries to the striker could affect the rookie team ahead of the season opener. Fans celebrated as the actor announced plans for the new film. Fans praised the young midfielder after the national squad edged out their rivals. The comedian will appear in three new projects after the world tour. The celebrity couple surprised fans with the awards ceremony.,Sports
The defending champions came from behind to triumph in the international friendly. Fans celebrated as the fashion designer surprised fans with the Broadway musical. Injuries to the young midfielder could affect the national squad ahead of the season opener. The visiting club secured a narrow win in the derby match.,Sports
Reports say the celebrity couple is finalizing the awards ceremony after a viral social media moment. Reports say the actor is finalizing the new film after a top chart debut. The documentary opened to a sold-out premiere this weekend. Fans celebrated as the actor celebrated the success of the streaming series. Reports say the film director is finalizing the documentary after strong box office numbers. Reports say the actor is finalizing the awards ceremony after a top chart debut.,Entertainment
The retailer plans to open a dozen new locations despite changing consumer habits. The board of the bank met to discuss a wave of layoffs. The logistics company announced strong consumer demand in its latest earnings report. Developers welcomed the social media platform's decision to release a new artificial intelligence model. The board of the manufacturer met to discuss a wave of layoffs.,Business
The energy firm plans to open several new locations despite rising interest rates. The cabinet is expected to vote on the healthcare reform next month. Protesters gathered outside the parliament to oppose the budget proposal. Analysts linked a wave of layoffs at the energy firm to a new trade agreement.,Politics
Fans celebrated as the comedian received widespread praise for the awards ceremony. Reports say the celebrity couple is finalizing the debut album after record ticket sales. The debut album opened to mixed reviews this weekend. The television host received widespread praise for the world tour. The actor surprised fans with the documentary. Injuries to the veteran defender could affect the national squad ahead of the qualifying round.,Entertainment
The film director announced plans for the streaming series. Critics highlighted strong box office numbers following the release of the Broadway musical. Reports say the film director is finalizing the Broadway musical after strong box office numbers. The national squad will face tough opposition in the next the derby match. Analysts expect the rookie team to reach the derby match this year. Fans celebrated as the actor received widespread praise for the streaming series.,Entertainment
The senate committee faced criticism over the budget proposal this week. The national assembly is expected to vote on the healthcare reform next month. The senate committee postponed a decision on the immigration policy this week. The finance minister called on the national assembly to reconsider the healthcare reform.,Politics
Fans celebrated as the television host surprised fans with the Broadway musical. The home side will face tough opposition in the next the playoff series. Fans praised the young midfielder after the underdogs clinched a dramatic win. The rookie team will face tough opposition in the next the playoff series. The coach credited the goalkeeper for scoring seven goals this season. The comedian announced plans for the Broadway musical. Fans praised the captain after the rookie team came from behind to triumph.,Sports
Investors reacted cautiously to increased competition affecting the bank. The regional council is expected to vote on the immigration policy next month. The national assembly is expected to vote on the healthcare reform next month. The election commission held emergency talks over the healthcare reform this week. The state governor called on the parliament to reconsider the healthcare reform. The prime minister defended the healthcare reform during a press briefing. Critics say the immigration policy could face two legal challenges.,Politics
The tech giant scaled up production of a machine learning framework this week. Engineers at the social media platform announced a flagship smartphone after three months of testing. Engineers at the robotics firm announced a cloud computing platform after five months of testing. The startup open-sourced a flagship smartphone this week. The social media platform confirmed a security breach linked to a machine learning framework. Developers welcomed the tech giant's decision to release a flagship smartphone. The tech giant began testing a flagship smartphone this week.,Technology
The actor celebrated the success of the documentary. The world tour opened to strong box office numbers this weekend. Injuries to the new signing could affect the underdogs ahead of the international friendly. The documentary broke records with mixed reviews.,Business
Investors reacted cautiously to a new trade agreement affecting the retailer. The board of the energy firm met to discuss record quarterly revenue. The software company open-sourced a new artificial intelligence model this week. Engineers at the software company announced a machine learning framework after two months of testing.,Technology
The debut album broke records with mixed reviews. Injuries to the goalkeeper could affect the league leaders ahead of the season opener. The new film broke records with mixed reviews. Injuries to the young midfielder could affect the rookie team ahead of the title decider. The awards ceremony broke records with a viral social media moment. The coach credited the striker for scoring a record five goals this season.,Sports
The bank announced an unexpected loss in its latest earnings report. A cybersecurity tool from the robotics firm reported a security breach. The energy firm announced a sharp drop in profits amid higher fuel costs. Shares of the manufacturer moved after the firm cited rising interest rates. The startup scaled up production of a next-generation processor this week.,Business
The energy firm announced record quarterly revenue amid increased competition. Investors reacted cautiously to higher fuel costs affecting the bank. The manufacturer announced a wave of layoffs in its latest earnings report. Developers welcomed the robotics firm's decision to release a next-generation processor. Engineers at the chipmaker announced an autonomous delivery drone after a dozen months of testing.,Business
The underdogs will face tough opposition in the next the qualifying round. Injuries to the goalkeeper could affect the rookie team ahead of the international friendly. Critics highlighted a viral social media moment following the release of the Broadway musical. Analysts expect the underdogs to reach the playoff series this year. The celebrity couple was confirmed to headline the streaming series. Injuries to the new signing could affect the underdogs ahead of the title decider.,Sports
Critics say the budget proposal could face several legal challenges. The state governor met with five foreign delegates to discuss the immigration policy. The retailer plans to open five new locations despite higher fuel costs. Protesters gathered outside the senate committee to oppose the constitutional amendment. The manufacturer announced an unexpected loss in its latest earnings report.,Politics
The chipmaker patched a critical flaw in an autonomous delivery drone this week. Engineers at the software company announced a machine learning framework after two months of testing. Investors are watching the tech giant closely after strong developer interest. Analysts linked a wave of layoffs at the conglomerate to increased competition. Analysts say the software company could see a million downloads following the release of a new artificial intelligence model. Developers welcomed the chipmaker's decision to release a flagship smartphone.,Technology
The software company confirmed a million downloads linked to a next-generation processor. Engineers at the social media platform announced a machine learning framework after several months of testing. Analysts linked a wave of layoffs at the logistics company to changing consumer habits. Engineers at the robotics firm announced a machine learning framework after two months of testing. Developers welcomed the social media platform's decision to release a next-generation processor. The airline announced rising shares in its latest earnings report.,Technology
The logistics company plans to open several new locations despite increased competition. The energy firm announced a sharp drop in profits in its latest earnings report. Investors reacted cautiously to supply chain disruptions affecting the bank. The logistics company announced strong consumer demand in its latest earnings report. Analysts linked an unexpected loss at the manufacturer to higher fuel costs. The airline announced strong consumer demand in its latest earnings report.,Business
Investors reacted cautiously to rising interest rates affecting the energy firm. Engineers at the chipmaker announced an autonomous delivery drone after three months of testing. The bank plans to open five new locations despite a new trade agreement. Investors reacted cautiously to higher fuel costs affecting the retailer. The cloud provider recalled a next-generation processor this week.,Technology
Critics say the trade agreement could face several legal challenges. The president defended the immigration policy during a press briefing. The regional council postponed a decision on the new tax bill this week. Protesters gathered outside the senate committee to oppose the new tax bill.,Politics
Engineers at the tech giant announced a next-generation processor after five months of testing. The software company confirmed a security breach linked to a cloud computing platform. Developers welcomed the tech giant's decision to release a next-generation processor. A cloud computing platform from the tech giant reported a surge in user growth. Investors are watching the cloud provider closely after significant delays.,Technology
The tech giant began testing a new artificial intelligence model this week. The bank warned investors about a major merger amid changing consumer habits. A cloud computing platform from the startup reported strong developer interest. Engineers at the social media platform announced a machine learning framework after a dozen months of testing. Analysts say the tech giant could see record quarterly earnings following the release of a cloud computing platform.,Technology
The defending champions will face tough opposition in the next the championship final. Injuries to the captain could affect the home side ahead of the derby match. Fans praised the captain after the home side clinched a dramatic win. The underdogs will face tough opposition in the next the playoff series.,Sports
Investors reacted cautiously to supply chain disruptions affecting the bank. The bank plans to open five new locations despite increased competition. Investors reacted cautiously to a new trade agreement affecting the airline. Protesters gathered outside the ruling coalition to oppose the immigration policy. The ruling coalition postponed a decision on the budget proposal this week. The president defended the healthcare reform during a press briefing. Critics say the election law could face five legal challenges.,Politics
The newly elected senator met with three foreign delegates to discuss the healthcare reform. The state governor called on the election commission to reconsider the new tax bill. Critics say the new tax bill could face a dozen legal challenges. The foreign secretary met with three foreign delegates to discuss the healthcare reform. The newly elected senator defended the election law during a press briefing.,Politics
Investors are watching the startup closely after strong developer interest. Investors are watching the robotics firm closely after record quarterly earnings. Developers welcomed the cloud provider's decision to release a next-generation processor. The chipmaker recalled a next-generation processor this week.,Technology
The coach credited the goalkeeper for scoring four goals this season. The new film opened to a top chart debut this weekend. Fans celebrated as the television host faced criticism over the Broadway musical. The documentary broke records with strong box office numbers. The debut album opened to a viral social media moment this weekend. Injuries to the new signing could affect the underdogs ahead of the title decider. Fans praised the star forward after the underdogs came from behind to triumph.,Entertainment
Analysts expect the defending champions to reach the derby match this year. Injuries to the veteran defender could affect the visiting club ahead of the derby match. Analysts expect the national squad to reach the season opener this year. Injuries to the young midfielder could affect the national squad ahead of the qualifying round.,Sports
Investors are watching the startup closely after record quarterly earnings. Analysts say the startup could see record quarterly earnings following the release of a machine learning framework. Developers welcomed the robotics firm's decision to release a next-generation processor. Investors reacted cautiously to changing consumer habits affecting the bank.,Technology
The underdogs will face tough opposition in the next the championship final. The coach credited the veteran defender for scoring seven goals this season. The coach credited the new signing for scoring two goals this season. The league leaders cruised to victory in the playoff series. Fans praised the young midfielder after the home side edged out their rivals.,Sports
The senate committee held emergency talks over the budget proposal this week. The ruling coalition voted narrowly to pass the immigration policy this week. Analysts linked a wave of layoffs at the airline to inflation. The finance minister called on the national assembly to reconsider the budget proposal. Protesters gathered outside the senate committee to oppose the budget proposal. The opposition leader called on the senate committee to reconsider the new tax bill. The prime minister called on the regional council to reconsider the election law.,Politics
The airline responded to record quarterly revenue amid rising interest rates. The retailer warned investors about a sharp drop in profits amid inflation. Shares of the energy firm moved after the firm cited supply chain disruptions. The energy firm plans to open three new locations despite rising interest rates. Shares of the bank moved after the firm cited rising interest rates.,Business
The finance minister defended the trade agreement during a press briefing. The national assembly released a statement about the election law this week. The parliament is expected to vote on the constitutional amendment next month. The finance minister called on the ruling coalition to reconsider the immigration policy. The national assembly is expected to vote on the immigration policy next month. Protesters gathered outside the election commission to oppose the trade agreement.,Politics
Analysts say the cloud provider could see a surge in user growth following the release of an autonomous delivery drone. Shares of the retailer moved after the firm cited rising interest rates. Investors are watching the tech giant closely after a surge in user growth. The software company released a major update to a machine learning framework this week. The board of the airline met to discuss rising shares. The chipmaker scaled up production of an autonomous delivery drone this week.,Technology
The president defended the constitutional amendment during a press briefing. The president met with a dozen foreign delegates to discuss the trade agreement. The regional council debated for hours before approving the constitutional amendment this week. The cabinet is expected to vote on the budget proposal next month. Shares of the logistics company moved after the firm cited a new trade agreement. Protesters gathered outside the national assembly to oppose the budget proposal. The foreign secretary met with five foreign delegates to discuss the new tax bill.,Politics
Developers welcomed the robotics firm's decision to release a new artificial intelligence model. Investors reacted cautiously to increased competition affecting the airline. The board of the retailer met to discuss strong consumer demand. Investors reacted cautiously to rising interest rates affecting the airline. Investors reacted cautiously to a new trade agreement affecting the conglomerate. Investors reacted cautiously to a new trade agreement affecting the conglomerate. The board of the manufacturer met to discuss a sharp drop in profits.,Business
The software company confirmed record quarterly earnings linked to a flagship smartphone. Investors are watching the chipmaker closely after strong developer interest. Shares of the energy firm moved after the firm cited rising interest rates. Investors are watching the chipmaker closely after strong developer interest. Shares of the bank moved after the firm cited a new trade agreement. Investors reacted cautiously to inflation affecting the airline.,Technology
The goalkeeper was the standout performer during the season opener. The rookie team cruised to victory in the title decider. Critics highlighted a sold-out premiere following the release of the new film. The rookie team will face tough opposition in the next the international friendly.,Sports
Analysts expect the home side to reach the international friendly this year. The actor announced plans for the streaming series. The coach credited the striker for scoring two goals this season. The home side will face tough opposition in the next the qualifying round.,Sports
Critics say the trade agreement could face two legal challenges. Protesters gathered outside the national assembly to oppose the healthcare reform. The foreign secretary called on the senate committee to reconsider the budget proposal. Protesters gathered outside the election commission to oppose the election law. The president met with a dozen foreign delegates to discuss the constitutional amendment. Critics say the new tax bill could face two legal challenges.,Politics
Analysts linked rising shares at the retailer to supply chain disruptions. The bank reported a sharp drop in profits amid inflation. Analysts say the tech giant could see a surge in user growth following the release of a new artificial intelligence model. Investors reacted cautiously to changing consumer habits affecting the bank. The airline warned investors about a sharp drop in profits amid changing consumer habits. The logistics company plans to open three new locations despite rising interest rates. Investors reacted cautiously to higher fuel costs affecting the bank.,Business
Analysts expect the home side to reach the qualifying round this year. Injuries to the new signing could affect the underdogs ahead of the qualifying round. The defending champions will face tough opposition in the next the derby match. The rookie team came from behind to triumph in the title decider. Critics highlighted record ticket sales following the release of the streaming series.,Business
The board of the airline met to discuss a sharp drop in profits. The conglomerate responded to a sharp drop in profits amid higher fuel costs. The board of the airline met to discuss a major merger. The board of the logistics company met to discuss record quarterly revenue. Investors reacted cautiously to higher fuel costs affecting the conglomerate. The cloud provider open-sourced a cybersecurity tool this week. The manufacturer plans to open a dozen new locations despite rising interest rates.,Business
The cabinet is expected to vote on the new tax bill next month. The energy firm attributed a major merger amid a new trade agreement. Shares of the manufacturer moved after the firm cited increased competition. The election commission postponed a decision on the election law this week.,Politics
Fans praised the star forward after the rookie team secured a narrow win. The rookie team will face tough opposition in the next the derby match. The national squad will face tough opposition in the next the qualifying round. The coach credited the veteran defender for scoring a record five goals this season.,Sports
Investors reacted cautiously to a new trade agreement affecting the logistics company. Analysts say the social media platform could see strong developer interest following the release of an autonomous delivery drone. Developers welcomed the startup's decision to release a new artificial intelligence model. Shares of the logistics company moved after the firm cited inflation. The tech giant unveiled a next-generation processor this week. Analysts linked a wave of layoffs at the airline to rising interest rates.,Entertainment
The opposition leader called on the senate committee to reconsider the healthcare reform. The foreign secretary called on the senate committee to reconsider the healthcare reform. The prime minister defended the new tax bill during a press briefing. The opposition leader met with a dozen foreign delegates to discuss the immigration policy.,Politics
Fans praised the young midfielder after the national squad cruised to victory. The coach credited the striker for scoring a record five goals this season. The Broadway musical broke records with a top chart debut. Critics highlighted mixed reviews following the release of the awards ceremony.,Entertainment
The foreign secretary met with several foreign delegates to discuss the healthcare reform. Critics say the constitutional amendment could face several legal challenges. The parliament is expected to vote on the budget proposal next month. The newly elected senator met with two foreign delegates to discuss the election law.,Politics
The logistics company announced rising shares in its latest earnings report. Analysts linked a wave of layoffs at the energy firm to rising interest rates. Analysts linked rising shares at the manufacturer to inflation. The manufacturer announced a major merger in its latest earnings report. A cybersecurity tool from the robotics firm reported strong developer interest.,Business
The home side edged out their rivals in the qualifying round. Fans praised the captain after the home side clinched a dramatic win. Critics highlighted strong box office numbers following the release of the world tour. The home side cruised to victory in the championship final. The coach credited the star forward for scoring four goals this season. The national squad edged out their rivals in the season opener.,Sports
Investors reacted cautiously to rising interest rates affecting the conglomerate. Investors are watching the startup closely after a security breach. The board of the conglomerate met to discuss record quarterly revenue. The robotics firm released a major update to a flagship smartphone this week. Developers welcomed the tech giant's decision to release a next-generation processor.,Technology
Reports say the fashion designer is finalizing the streaming series after record ticket sales. Fans celebrated as the comedian was confirmed to headline the documentary. Fans praised the veteran defender after the rookie team edged out their rivals. The underdogs will face tough opposition in the next the derby match. Reports say the actor is finalizing the new film after a top chart debut. Critics highlighted strong box office numbers following the release of the documentary.,Entertainment
The veteran defender was the standout performer during the qualifying round. The defending champions will face tough opposition in the next the international friendly. Critics highlighted a viral social media moment following the release of the Broadway musical. The goalkeeper was the standout performer during the season opener. Reports say the actor is finalizing the new film after a top chart debut.,Sports
The board of the manufacturer met to discuss an unexpected loss. Engineers at the software company announced an autonomous delivery drone after a dozen months of testing. The startup confirmed strong developer interest linked to a next-generation processor. The retailer announced a wave of layoffs in its latest earnings report. The airline announced record quarterly revenue amid supply chain disruptions.,Technology
The film director will appear in several new projects after the streaming series. Analysts expect the league leaders to reach the title decider this year. The pop star will appear in three new projects after the debut album. Fans praised the veteran defender after the underdogs came from behind to triumph. Critics highlighted a sold-out premiere following the release of the documentary. The awards ceremony broke records with strong box office numbers. The celebrity couple will appear in several new projects after the awards ceremony.,Entertainment
The energy firm plans to open two new locations despite increased competition. The social media platform patched a critical flaw in a cybersecurity tool this week. The cloud provider released a major update to an autonomous delivery drone this week. The startup recalled a new artificial intelligence model this week. Developers welcomed the chipmaker's decision to release an autonomous delivery drone. Investors are watching the software company closely after record quarterly earnings. The retailer announced an unexpected loss amid inflation.,Entertainment
The airline revised forecasts because of a wave of layoffs amid higher fuel costs. The board of the retailer met to discuss a sharp drop in profits. The startup confirmed a surge in user growth linked to a new artificial intelligence model. Investors are watching the chipmaker closely after a surge in user growth. The manufacturer announced strong consumer demand in its latest earnings report. Investors reacted cautiously to higher fuel costs affecting the manufacturer. Analysts linked strong consumer demand at the bank to increased competition.,Business
Fans celebrated as the actor faced criticism over the new film. Fans praised the star forward after the national squad secured a narrow win. Fans praised the new signing after the national squad came from behind to triumph. The new film broke records with record ticket sales. The world tour opened to strong box office numbers this weekend. Critics highlighted a viral social media moment following the release of the streaming series. The awards ceremony opened to mixed reviews this weekend.,Entertainment
Analysts linked a major merger at the manufacturer to a new trade agreement. A flagship smartphone from the social media platform reported significant delays. The retailer revised forecasts because of a wave of layoffs amid changing consumer habits. Engineers at the startup announced a flagship smartphone after several months of testing.,Business
Investors are watching the startup closely after a million downloads. Investors reacted cautiously to increased competition affecting the retailer. The startup open-sourced a flagship smartphone this week. Analysts say the cloud provider could see a security breach following the release of a cybersecurity tool. Analysts say the software company could see significant delays following the release of a cloud computing platform. Engineers at the robotics firm announced a cloud computing platform after several months of testing. Engineers at the robotics firm announced an autonomous delivery drone after a dozen months of testing.,Politics
The world tour opened to mixed reviews this weekend. Injuries to the goalkeeper could affect the rookie team ahead of the international friendly. Injuries to the goalkeeper could affect the home side ahead of the international friendly. Reports say the comedian is finalizing the new film after strong box office numbers. The striker was the standout performer during the qualifying round. The visiting club will face tough opposition in the next the derby match.,Sports
Critics say the healthcare reform could face three legal challenges. The senate committee held emergency talks over the trade agreement this week. The national assembly voted narrowly to pass the trade agreement this week. The airline warned investors about a wave of layoffs amid higher fuel costs.,Politics
The cloud provider unveiled a next-generation processor this week. Analysts say the cloud provider could see a surge in user growth following the release of a machine learning framework. Analysts say the robotics firm could see strong developer interest following the release of a next-generation processor. Investors are watching the startup closely after a million downloads. The robotics firm confirmed strong developer interest linked to a flagship smartphone. Investors are watching the software company closely after record quarterly earnings.,Technology
Analysts linked record quarterly revenue at the airline to inflation. Shares of the logistics company moved after the firm cited changing consumer habits. Shares of the manufacturer moved after the firm cited rising interest rates. The bank responded to record quarterly revenue amid higher fuel costs. Analysts linked an unexpected loss at the conglomerate to higher fuel costs. Analysts say the cloud provider could see a million downloads following the release of a machine learning framework. The social media platform confirmed record quarterly earnings linked to a machine learning framework.,Business
The president met with two foreign delegates to discuss the budget proposal. Critics say the budget proposal could face several legal challenges. Protesters gathered outside the regional council to oppose the trade agreement. The state governor met with a dozen foreign delegates to discuss the trade agreement. The manufacturer plans to open five new locations despite higher fuel costs. The state governor called on the parliament to reconsider the budget proposal. The foreign secretary met with three foreign delegates to discuss the immigration policy.,Politics
An autonomous delivery drone from the tech giant reported a million downloads. The chipmaker released a major update to a machine learning framework this week. The energy firm reported a wave of layoffs amid a new trade agreement. Shares of the energy firm moved after the firm cited changing consumer habits.,Technology
The airline plans to open a dozen new locations despite a new trade agreement. Analysts linked strong consumer demand at the conglomerate to a new trade agreement. Engineers at the robotics firm announced a machine learning framework after three months of testing. Shares of the airline moved after the firm cited changing consumer habits. The conglomerate announced an unexpected loss amid a new trade agreement.,Business
The defending champions dominated from start to finish in the international friendly. The national squad dominated from start to finish in the championship final. Reports say the film director is finalizing the documentary after record ticket sales. The goalkeeper was the standout performer during the derby match. The coach credited the captain for scoring four goals this season. The visiting club will face tough opposition in the next the title decider. The captain was the standout performer during the international friendly.,Sports
The actor was confirmed to headline the new film. Fans praised the veteran defender after the league leaders dominated from start to finish. The fashion designer will appear in five new projects after the awards ceremony. The new film opened to mixed reviews this weekend. The celebrity couple faced criticism over the Broadway musical. The underdogs will face tough opposition in the next the international friendly. Fans celebrated as the comedian faced criticism over the streaming series.,Entertainment
Developers welcomed the social media platform's decision to release a new artificial intelligence model. Engineers at the tech giant announced a next-generation processor after three months of testing. Investors are watching the tech giant closely after strong developer interest. Investors are watching the software company closely after record quarterly earnings. Developers welcomed the social media platform's decision to release a cloud computing platform.,Technology
The logistics company plans to open five new locations despite rising interest rates. The retailer plans to open three new locations despite higher fuel costs. The software company open-sourced a new artificial intelligence model this week. Investors are watching the social media platform closely after a million downloads.,Business
Engineers at the cloud provider announced a cybersecurity tool after five months of testing. A next-generation processor from the robotics firm reported a million downloads. Analysts say the tech giant could see a surge in user growth following the release of a next-generation processor. Developers welcomed the software company's decision to release a flagship smartphone. Developers welcomed the startup's decision to release a cybersecurity tool.,Technology
The chipmaker confirmed significant delays linked to a flagship smartphone. The conglomerate plans to open five new locations despite increased competition. Engineers at the cloud provider announced a new artificial intelligence model after several months of testing. The chipmaker confirmed significant delays linked to a cybersecurity tool. Investors reacted cautiously to changing consumer habits affecting the manufacturer. The manufacturer announced an unexpected loss amid inflation. Analysts linked a wave of layoffs at the logistics company to rising interest rates.,Business
Investors reacted cautiously to rising interest rates affecting the energy firm. The manufacturer plans to open a dozen new locations despite increased competition. Investors are watching the robotics firm closely after a security breach. The board of the energy firm met to discuss strong consumer demand. Investors are watching the chipmaker closely after a million downloads.,Technology
The newly elected senator called on the parliament to reconsider the constitutional amendment. The airline plans to open five new locations despite higher fuel costs. The parliament released a statement about the trade agreement this week. Protesters gathered outside the senate committee to oppose the new tax bill.,Politics
The striker was the standout performer during the qualifying round. The league leaders will face tough opposition in the next the title decider. The streaming series broke records with a top chart debut. The home side came from behind to triumph in the qualifying round. The coach credited the goalkeeper for scoring seven goals this season. The rookie team came from behind to triumph in the qualifying round.,Sports
Fans celebrated as the television host announced plans for the Broadway musical. Reports say the television host is finalizing the streaming series after a viral social media moment. Fans celebrated as the comedian surprised fans with the Broadway musical. The documentary broke records with mixed reviews. The Broadway musical broke records with a sold-out premiere. The streaming series opened to mixed reviews this weekend. Reports say the film director is finalizing the streaming series after a top chart debut.,Entertainment
The league leaders dominated from start to finish in the championship final. Reports say the fashion designer is finalizing the awards ceremony after a top chart debut. The coach credited the captain for scoring three goals this season. The home side will face tough opposition in the next the title decider. Fans celebrated as the television host received widespread praise for the new film. Fans celebrated as the television host celebrated the success of the awards ceremony.,Entertainment
Analysts linked a major merger at the retailer to a new trade agreement. Investors reacted cautiously to increased competition affecting the retailer. Protesters gathered outside the cabinet to oppose the trade agreement. The parliament voted narrowly to pass the election law this week. The energy firm announced a major merger in its latest earnings report.,Politics
Analysts linked record quarterly revenue at the logistics company to supply chain disruptions. Investors reacted cautiously to rising interest rates affecting the airline. Analysts linked record quarterly revenue at the conglomerate to rising interest rates. The airline plans to open two new locations despite a new trade agreement. The manufacturer warned investors about a sharp drop in profits amid supply chain disruptions. Analysts linked an unexpected loss at the retailer to increased competition. Developers welcomed the chipmaker's decision to release a cloud computing platform.,Business
The documentary opened to a viral social media moment this weekend. The world tour broke records with strong box office numbers. The actor will appear in a dozen new projects after the world tour. The television host announced plans for the awards ceremony. The rookie team will face tough opposition in the next the international friendly. The veteran defender was the standout performer during the championship final.,Entertainment
The board of the manufacturer met to discuss a sharp drop in profits. Investors reacted cautiously to changing consumer habits affecting the logistics company. The bank reported a wave of layoffs amid increased competition. The conglomerate revised forecasts because of strong consumer demand amid increased competition. Shares of the conglomerate moved after the firm cited increased competition. Investors reacted cautiously to changing consumer habits affecting the airline. Engineers at the tech giant announced a machine learning framework after a dozen months of testing.,Business
Reports say the fashion designer is finalizing the awards ceremony after mixed reviews. Reports say the fashion designer is finalizing the new film after a sold-out premiere. The world tour opened to strong box office numbers this weekend. The celebrity couple was confirmed to headline the streaming series.,Entertainment
Critics highlighted record ticket sales following the release of the awards ceremony. The pop star will appear in several new projects after the new film. The film director will appear in several new projects after the debut album. Critics highlighted a sold-out premiere following the release of the streaming series.,Entertainment
The prime minister defended the election law during a press briefing. The newly elected senator called on the regional council to reconsider the budget proposal. The energy firm revised forecasts because of a major merger amid supply chain disruptions. The conglomerate revised forecasts because of a sharp drop in profits amid a new trade agreement. The ruling coalition held emergency talks over the budget proposal this week. The prime minister defended the trade agreement during a press briefing.,Technology
The tech giant confirmed strong developer interest linked to a next-generation processor. Shares of the bank moved after the firm cited supply chain disruptions. A machine learning framework from the robotics firm reported significant delays. The cloud provider released a major update to an autonomous delivery drone this week.,Technology
The goalkeeper was the standout performer during the playoff series. Fans praised the captain after the national squad dominated from start to finish. The national squad clinched a dramatic win in the playoff series. Fans praised the veteran defender after the defending champions cruised to victory.,Sports
Engineers at the software company announced a machine learning framework after five months of testing. Investors are watching the social media platform closely after record quarterly earnings. A machine learning framework from the cloud provider reported a surge in user growth. Analysts linked a major merger at the bank to rising interest rates. Analysts say the startup could see record quarterly earnings following the release of an autonomous delivery drone. Investors are watching the software company closely after record quarterly earnings. Shares of the bank moved after the firm cited changing consumer habits.,Technology
Critics say the trade agreement could face several legal challenges. The finance minister met with five foreign delegates to discuss the healthcare reform. Critics say the trade agreement could face three legal challenges. The board of the conglomerate met to discuss record quarterly revenue. The retailer announced an unexpected loss in its latest earnings report. Shares of the energy firm moved after the firm cited a new trade agreement.,Politics
The chipmaker unveiled a flagship smartphone this week. Engineers at the tech giant announced a next-generation processor after a dozen months of testing. The chipmaker open-sourced a cloud computing platform this week. The social media platform confirmed a security breach linked to a machine learning framework. A next-generation processor from the robotics firm reported record quarterly earnings.,Technology
The retailer plans to open three new locations despite inflation. Investors reacted cautiously to rising interest rates affecting the airline. Developers welcomed the startup's decision to release an autonomous delivery drone. Engineers at the social media platform announced a new artificial intelligence model after a dozen months of testing. Analysts linked strong consumer demand at the bank to changing consumer habits.,Technology
The bank announced a sharp drop in profits in its latest earnings report. The bank announced strong consumer demand in its latest earnings report. The energy firm warned investors about a sharp drop in profits amid supply chain disruptions. The logistics company announced a major merger in its latest earnings report. The energy firm announced a wave of layoffs in its latest earnings report. Analysts say the chipmaker could see record quarterly earnings following the release of an autonomous delivery drone. Engineers at the robotics firm announced a flagship smartphone after several months of testing.,Business
Analysts linked a major merger at the airline to higher fuel costs. The cabinet released a statement about the immigration policy this week. The parliament is expected to vote on the immigration policy next month. The prime minister defended the new tax bill during a press briefing.,Politics
Analysts say the social media platform could see a million downloads following the release of a next-generation processor. Engineers at the software company announced a new artificial intelligence model after a dozen months of testing. Developers welcomed the chipmaker's decision to release a flagship smartphone. The robotics firm scaled up production of a machine learning framework this week.,Technology
Critics highlighted a top chart debut following the release of the awards ceremony. The television host announced plans for the streaming series. The rookie team will face tough opposition in the next the international friendly. The documentary broke records with record ticket sales. The Broadway musical broke records with record ticket sales. The world tour opened to a top chart debut this weekend. The Broadway musical opened to a top chart debut this weekend.,Sports
Developers welcomed the cloud provider's decision to release a cloud computing platform. Analysts say the cloud provider could see a security breach following the release of a cloud computing platform. Developers welcomed the software company's decision to release a new artificial intelligence model. A cloud computing platform from the robotics firm reported record quarterly earnings. The cloud provider scaled up production of a machine learning framework this week. Investors are watching the cloud provider closely after a million downloads.,Technology
Investors reacted cautiously to supply chain disruptions affecting the energy firm. The bank reported record quarterly revenue amid inflation. The software company unveiled a next-generation processor this week. The airline revised forecasts because of rising shares amid changing consumer habits. A next-generation processor from the chipmaker reported a million downloads. The energy firm announced an unexpected loss in its latest earnings report. The bank announced a sharp drop in profits in its latest earnings report.,Entertainment
The documentary broke records with mixed reviews. The coach credited the goalkeeper for scoring two goals this season. Analysts expect the national squad to reach the international friendly this year. The new film opened to mixed reviews this weekend. The rookie team cruised to victory in the season opener. Critics highlighted record ticket sales following the release of the new film. The pop star announced plans for the debut album.,Entertainment
The defending champions dominated from start to finish in the championship final. Fans praised the goalkeeper after the visiting club clinched a dramatic win. Injuries to the new signing could affect the home side ahead of the championship final. The new signing was the standout performer during the championship final. The captain was the standout performer during the season opener. The coach credited the captain for scoring a record five goals this season. Analysts expect the national squad to reach the derby match this year.,Sports
Engineers at the tech giant announced a machine learning framework after three months of testing. The board of the airline met to discuss record quarterly revenue. The board of the retailer met to discuss rising shares. The airline attributed a sharp drop in profits amid a new trade agreement. Investors reacted cautiously to higher fuel costs affecting the manufacturer.,Business
The election commission voted narrowly to pass the constitutional amendment this week. The election commission faced criticism over the constitutional amendment this week. Critics say the election law could face a dozen legal challenges. The national assembly is expected to vote on the immigration policy next month.,Politics
The chipmaker released a major update to an autonomous delivery drone this week. The conglomerate plans to open several new locations despite supply chain disruptions. The airline announced record quarterly revenue in its latest earnings report. Shares of the bank moved after the firm cited rising interest rates.,Technology
The parliament is expected to vote on the new tax bill next month. The airline plans to open a dozen new locations despite a new trade agreement. The prime minister defended the trade agreement during a press briefing. Critics say the constitutional amendment could face several legal challenges. The airline plans to open two new locations despite inflation. The president called on the parliament to reconsider the budget proposal. The finance minister defended the trade agreement during a press briefing.,Politics
Critics say the new tax bill could face three legal challenges. The national assembly debated for hours before approving the election law this week. The senate committee is expected to vote on the election law next month. The election commission is expected to vote on the election law next month. Protesters gathered outside the parliament to oppose the immigration policy. The parliament is expected to vote on the budget proposal next month. Investors reacted cautiously to increased competition affecting the logistics company.,Politics
The foreign secretary met with several foreign delegates to discuss the budget proposal. The election commission is expected to vote on the election law next month. The president defended the healthcare reform during a press briefing. Protesters gathered outside the cabinet to oppose the constitutional amendment. The conglomerate plans to open several new locations despite a new trade agreement. Critics say the immigration policy could face several legal challenges. The ruling coalition is expected to vote on the immigration policy next month.,Politics
Analysts expect the national squad to reach the championship final this year. The underdogs will face tough opposition in the next the qualifying round. The captain was the standout performer during the championship final. The Broadway musical opened to strong box office numbers this weekend.,Sports
Analysts say the chipmaker could see a million downloads following the release of a new artificial intelligence model. Developers welcomed the tech giant's decision to release an autonomous delivery drone. The airline plans to open five new locations despite a new trade agreement. The startup confirmed strong developer interest linked to a cloud computing platform. The logistics company announced record quarterly revenue in its latest earnings report.,Technology
The television host will appear in five new projects after the Broadway musical. Reports say the celebrity couple is finalizing the world tour after strong box office numbers. The celebrity couple will appear in three new projects after the world tour. Reports say the television host is finalizing the world tour after record ticket sales. Fans celebrated as the comedian celebrated the success of the world tour. The home side will face tough opposition in the next the qualifying round. The debut album broke records with mixed reviews.,Entertainment
The coach credited the new signing for scoring seven goals this season. The Broadway musical opened to a sold-out premiere this weekend. The television host will appear in two new projects after the awards ceremony. Fans celebrated as the television host celebrated the success of the awards ceremony. The comedian surprised fans with the streaming series.,Entertainment
The world tour broke records with record ticket sales. The national squad came from behind to triumph in the qualifying round. Analysts expect the underdogs to reach the season opener this year. Injuries to the new signing could affect the visiting club ahead of the season opener.,Sports
The debut album broke records with record ticket sales. Injuries to the captain could affect the home side ahead of the championship final. The visiting club will face tough opposition in the next the season opener. The underdogs will face tough opposition in the next the title decider. The rookie team will face tough opposition in the next the title decider. The league leaders secured a narrow win in the derby match. Fans celebrated as the television host faced criticism over the streaming series.,Sports
The national squad will face tough opposition in the next the international friendly. The coach credited the veteran defender for scoring seven goals this season. The television host will appear in several new projects after the awards ceremony. The coach credited the star forward for scoring four goals this season. The defending champions cruised to victory in the championship final. Injuries to the new signing could affect the national squad ahead of the qualifying round. Injuries to the young midfielder could affect the league leaders ahead of the derby match.,Sports
Engineers at the startup announced a cloud computing platform after several months of testing. Investors are watching the startup closely after strong developer interest. Analysts say the social media platform could see a security breach following the release of an autonomous delivery drone. The social media platform confirmed a security breach linked to a cybersecurity tool.,Technology
The ruling coalition is expected to vote on the immigration policy next month. The retailer revised forecasts because of rising shares amid higher fuel costs. Critics say the constitutional amendment could face a dozen legal challenges. The parliament faced criticism over the budget proposal this week. Shares of the manufacturer moved after the firm cited rising interest rates. The finance minister met with two foreign delegates to discuss the healthcare reform. The opposition leader defended the new tax bill during a press briefing.,Politics
Fans praised the captain after the rookie team clinched a dramatic win. The television host was confirmed to headline the awards ceremony. The new film opened to strong box office numbers this weekend. Injuries to the veteran defender could affect the national squad ahead of the season opener. Fans praised the young midfielder after the rookie team clinched a dramatic win. Injuries to the veteran defender could affect the league leaders ahead of the international friendly. The Broadway musical broke records with record ticket sales.,Entertainment
The Broadway musical broke records with strong box office numbers. The world tour opened to record ticket sales this weekend. The veteran defender was the standout performer during the playoff series. The national squad came from behind to triumph in the derby match. Fans praised the young midfielder after the national squad came from behind to triumph. The coach credited the star forward for scoring a record five goals this season.,Sports
Investors reacted cautiously to changing consumer habits affecting the bank. The conglomerate revised forecasts because of an unexpected loss amid inflation. Analysts linked a sharp drop in profits at the energy firm to changing consumer habits. Analysts say the social media platform could see a security breach following the release of a flagship smartphone. The conglomerate warned investors about a wave of layoffs amid changing consumer habits. Investors reacted cautiously to a new trade agreement affecting the energy firm.,Business
Protesters gathered outside the cabinet to oppose the healthcare reform. Critics say the budget proposal could face five legal challenges. The state governor met with two foreign delegates to discuss the healthcare reform. Protesters gathered outside the regional council to oppose the healthcare reform. The foreign secretary defended the immigration policy during a press briefing. The opposition leader called on the election commission to reconsider the budget proposal.,Politics
The pop star will appear in a dozen new projects after the streaming series. The awards ceremony broke records with a top chart debut. The film director faced criticism over the new film. The new film broke records with mixed reviews. The fashion designer surprised fans with the world tour. The home side will face tough opposition in the next the season opener. The debut album broke records with a sold-out premiere.,Entertainment
The coach credited the new signing for scoring two goals this season. The coach credited the new signing for scoring two goals this season. The league leaders will face tough opposition in the next the qualifying round. The Broadway musical broke records with record ticket sales. Analysts expect the defending champions to reach the championship final this year. Fans praised the new signing after the league leaders edged out their rivals.,Sports
Shares of the energy firm moved after the firm cited rising interest rates. The board of the retailer met to discuss an unexpected loss. The social media platform confirmed a surge in user growth linked to a next-generation processor. Investors are watching the robotics firm closely after record quarterly earnings.,Business
Injuries to the captain could affect the home side ahead of the title decider. Analysts expect the visiting club to reach the title decider this year. Injuries to the star forward could affect the national squad ahead of the international friendly. The television host faced criticism over the Broadway musical. The underdogs will face tough opposition in the next the season opener.,Entertainment
The startup began testing an autonomous delivery drone this week. The bank announced an unexpected loss in its latest earnings report. The manufacturer announced rising shares in its latest earnings report. Investors are watching the software company closely after significant delays. Investors are watching the cloud provider closely after record quarterly earnings. Developers welcomed the chipmaker's decision to release a flagship smartphone.,Technology
Injuries to the captain could affect the rookie team ahead of the season opener. The pop star will appear in five new projects after the world tour. The comedian faced criticism over the documentary. Fans praised the captain after the national squad dominated from start to finish.,Sports
The league leaders will face tough opposition in the next the derby match. Critics highlighted strong box office numbers following the release of the world tour. Fans praised the goalkeeper after the league leaders secured a narrow win. The new film broke records with a sold-out premiere. Reports say the actor is finalizing the new film after record ticket sales. Fans celebrated as the television host was confirmed to headline the world tour. Reports say the television host is finalizing the new film after a sold-out premiere.,Entertainment
Fans praised the veteran defender after the underdogs cruised to victory. Analysts expect the home side to reach the championship final this year. The national squad will face tough opposition in the next the playoff series. Injuries to the striker could affect the visiting club ahead of the derby match.,Sports
Critics highlighted a top chart debut following the release of the documentary. Reports say the comedian is finalizing the documentary after mixed reviews. The celebrity couple celebrated the success of the streaming series. Fans praised the captain after the league leaders clinched a dramatic win. The streaming series broke records with a sold-out premiere. The captain was the standout performer during the championship final.,Entertainment
Critics say the budget proposal could face two legal challenges. Protesters gathered outside the ruling coalition to oppose the budget proposal. The opposition leader called on the regional council to reconsider the trade agreement. The election commission faced criticism over the budget proposal this week. The state governor met with two foreign delegates to discuss the trade agreement. Protesters gathered outside the senate committee to oppose the budget proposal.,Politics
Fans praised the star forward after the defending champions clinched a dramatic win. The veteran defender was the standout performer during the title decider. Injuries to the veteran defender could affect the national squad ahead of the season opener. The star forward was the standout performer during the season opener. Analysts expect the league leaders to reach the derby match this year.,Sports
Developers welcomed the robotics firm's decision to release a cybersecurity tool. A cloud computing platform from the chipmaker reported a surge in user growth. Investors reacted cautiously to increased competition affecting the energy firm. The airline announced a sharp drop in profits in its latest earnings report. Investors are watching the tech giant closely after significant delays. The conglomerate plans to open a dozen new locations despite a new trade agreement.,Business
Critics highlighted a viral social media moment following the release of the new film. The comedian was confirmed to headline the new film. Critics highlighted a viral social media moment following the release of the documentary. The new signing was the standout performer during the championship final. Fans praised the new signing after the rookie team came from behind to triumph. Reports say the comedian is finalizing the documentary after a sold-out premiere.,Entertainment
Fans celebrated as the pop star received widespread praise for the documentary. Injuries to the captain could affect the national squad ahead of the championship final. The captain was the standout performer during the international friendly. Reports say the film director is finalizing the awards ceremony after a top chart debut. The visiting club dominated from start to finish in the qualifying round. Reports say the pop star is finalizing the new film after a sold-out premiere.,Entertainment
Fans celebrated as the fashion designer received widespread praise for the world tour. The new film broke records with record ticket sales. The pop star was confirmed to headline the Broadway musical. The streaming series opened to record ticket sales this weekend.,Entertainment
Developers welcomed the startup's decision to release a cybersecurity tool. Analysts say the cloud provider could see a surge in user growth following the release of a cloud computing platform. Investors are watching the cloud provider closely after a security breach. Analysts linked strong consumer demand at the conglomerate to inflation. Developers welcomed the startup's decision to release a flagship smartphone. The board of the energy firm met to discuss rising shares. Investors reacted cautiously to increased competition affecting the energy firm.,Technology
Analysts expect the rookie team to reach the season opener this year. Injuries to the new signing could affect the league leaders ahead of the playoff series. The visiting club will face tough opposition in the next the derby match. The underdogs secured a narrow win in the international friendly. Fans celebrated as the actor faced criticism over the new film. Analysts expect the underdogs to reach the derby match this year. The actor will appear in three new projects after the awards ceremony.,Sports
The coach credited the young midfielder for scoring four goals this season. The fashion designer will appear in three new projects after the streaming series. The celebrity couple was confirmed to headline the documentary. The awards ceremony broke records with a top chart debut.,Entertainment
Fans celebrated as the pop star celebrated the success of the new film. Reports say the film director is finalizing the streaming series after a top chart debut. The home side cruised to victory in the international friendly. The television host will appear in several new projects after the awards ceremony. Fans praised the star forward after the underdogs secured a narrow win.,Sports
Investors are watching the software company closely after strong developer interest. The board of the conglomerate met to discuss a major merger. Engineers at the software company announced a cloud computing platform after three months of testing. Investors reacted cautiously to rising interest rates affecting the conglomerate. The conglomerate announced record quarterly revenue in its latest earnings report. Analysts linked rising shares at the energy firm to supply chain disruptions.,Technology
Critics say the immigration policy could face several legal challenges. The opposition leader called on the national assembly to reconsider the new tax bill. The newly elected senator defended the immigration policy during a press briefing. The election commission debated for hours before approving the budget proposal this week. The bank plans to open three new locations despite supply chain disruptions. Critics say the election law could face two legal challenges.,Politics
The underdogs came from behind to triumph in the championship final. Fans praised the star forward after the visiting club cruised to victory. Critics highlighted a viral social media moment following the release of the world tour. The underdogs will face tough opposition in the next the playoff series. The film director faced criticism over the awards ceremony. Fans praised the new signing after the underdogs clinched a dramatic win. The underdogs will face tough opposition in the next the derby match.,Sports
The striker was the standout performer during the title decider. Analysts expect the underdogs to reach the season opener this year. Injuries to the goalkeeper could affect the visiting club ahead of the championship final. Fans praised the veteran defender after the national squad edged out their rivals. The underdogs secured a narrow win in the international friendly.,Sports
Developers welcomed the robotics firm's decision to release a new artificial intelligence model. The manufacturer announced a sharp drop in profits in its latest earnings report. Analysts linked an unexpected loss at the logistics company to a new trade agreement. The chipmaker confirmed a security breach linked to a cybersecurity tool. The conglomerate announced a major merger amid changing consumer habits. The retailer attributed a major merger amid supply chain disruptions.,Business
The chipmaker recalled a machine learning framework this week. A flagship smartphone from the cloud provider reported a million downloads. Engineers at the robotics firm announced a machine learning framework after three months of testing. The robotics firm confirmed significant delays linked to a machine learning framework. Analysts say the software company could see a security breach following the release of a flagship smartphone.,Technology
Critics say the trade agreement could face three legal challenges. The bank revised forecasts because of strong consumer demand amid a new trade agreement. The retailer plans to open a dozen new locations despite higher fuel costs. Analysts linked a wave of layoffs at the bank to rising interest rates. The foreign secretary met with five foreign delegates to discuss the constitutional amendment. Critics say the budget proposal could face five legal challenges. The election commission is expected to vote on the constitutional amendment next month.,Politics
Protesters gathered outside the cabinet to oppose the constitutional amendment. The newly elected senator defended the budget proposal during a press briefing. The finance minister called on the cabinet to reconsider the budget proposal. Critics say the trade agreement could face five legal challenges. The ruling coalition is expected to vote on the constitutional amendment next month. Investors reacted cautiously to higher fuel costs affecting the bank. The president called on the election commission to reconsider the healthcare reform.,Politics
Reports say the film director is finalizing the new film after a sold-out premiere. Critics highlighted record ticket sales following the release of the debut album. The actor will appear in several new projects after the streaming series. The streaming series opened to a sold-out premiere this weekend. Fans celebrated as the television host surprised fans with the debut album. The Broadway musical opened to a top chart debut this weekend. Fans praised the captain after the home side secured a narrow win.,Entertainment
Analysts expect the home side to reach the championship final this year. Analysts expect the national squad to reach the championship final this year. Reports say the pop star is finalizing the documentary after mixed reviews. Critics highlighted a viral social media moment following the release of the world tour. The home side dominated from start to finish in the championship final. The coach credited the striker for scoring four goals this season. The veteran defender was the standout performer during the derby match.,Sports
The president met with several foreign delegates to discuss the constitutional amendment. The election commission debated for hours before approving the budget proposal this week. The energy firm plans to open two new locations despite supply chain disruptions. Protesters gathered outside the senate committee to oppose the immigration policy.,Politics
Analysts expect the visiting club to reach the playoff series this year. The star forward was the standout performer during the title decider. The television host faced criticism over the world tour. The debut album opened to record ticket sales this weekend. The home side came from behind to triumph in the derby match. The home side dominated from start to finish in the championship final. Critics highlighted a top chart debut following the release of the streaming series.,Entertainment
The veteran defender was the standout performer during the international friendly. Analysts expect the underdogs to reach the qualifying round this year. Injuries to the striker could affect the defending champions ahead of the season opener. Analysts expect the visiting club to reach the playoff series this year. The home side dominated from start to finish in the qualifying round. The underdogs will face tough opposition in the next the international friendly. Injuries to the young midfielder could affect the defending champions ahead of the season opener.,Sports
The national squad will face tough opposition in the next the derby match. Reports say the comedian is finalizing the world tour after record ticket sales. The defending champions came from behind to triumph in the derby match. The coach credited the star forward for scoring a record five goals this season. The defending champions will face tough opposition in the next the international friendly.,Sports
Analysts linked a major merger at the logistics company to increased competition. Shares of the bank moved after the firm cited higher fuel costs. The conglomerate announced an unexpected loss in its latest earnings report. Developers welcomed the chipmaker's decision to release a machine learning framework. Developers welcomed the startup's decision to release a machine learning framework.,Technology
The social media platform confirmed a surge in user growth linked to an autonomous delivery drone. The logistics company plans to open three new locations despite increased competition. The social media platform confirmed a surge in user growth linked to a cloud computing platform. The retailer plans to open a dozen new locations despite increased competition. The conglomerate plans to open five new locations despite rising interest rates.,Business
Investors are watching the software company closely after record quarterly earnings. Developers welcomed the software company's decision to release a flagship smartphone. The social media platform released a major update to a new artificial intelligence model this week. Analysts linked an unexpected loss at the conglomerate to rising interest rates.,Technology
Analysts expect the league leaders to reach the season opener this year. Critics highlighted mixed reviews following the release of the new film. Reports say the comedian is finalizing the new film after mixed reviews. The actor will appear in three new projects after the awards ceremony. The new film broke records with mixed reviews. Injuries to the striker could affect the national squad ahead of the championship final. The Broadway musical broke records with mixed reviews.,Entertainment
Investors are watching the startup closely after strong developer interest. The energy firm announced an unexpected loss in its latest earnings report. The logistics company warned investors about record quarterly revenue amid higher fuel costs. Analysts linked rising shares at the bank to inflation. Analysts linked rising shares at the airline to inflation. The energy firm attributed rising shares amid higher fuel costs.,Business
Analysts expect the league leaders to reach the championship final this year. The coach credited the new signing for scoring seven goals this season. The coach credited the captain for scoring two goals this season. The visiting club will face tough opposition in the next the derby match.,Sports
The awards ceremony broke records with strong box office numbers. Injuries to the goalkeeper could affect the national squad ahead of the season opener. The veteran defender was the standout performer during the championship final. The fashion designer will appear in several new projects after the awards ceremony.,Entertainment
Critics highlighted a viral social media moment following the release of the streaming series. Fans praised the captain after the visiting club dominated from start to finish. Fans praised the star forward after the league leaders edged out their rivals. The national squad will face tough opposition in the next the derby match. The star forward was the standout performer during the season opener. The fashion designer was confirmed to headline the new film.,Sports
Injuries to the veteran defender could affect the league leaders ahead of the international friendly. Analysts expect the underdogs to reach the qualifying round this year. The rookie team will face tough opposition in the next the championship final. The defending champions clinched a dramatic win in the derby match. The young midfielder was the standout performer during the title decider. Fans praised the young midfielder after the league leaders came from behind to triumph. Injuries to the young midfielder could affect the rookie team ahead of the derby match.,Politics
Injuries to the captain could affect the underdogs ahead of the season opener. The home side will face tough opposition in the next the international friendly. Fans celebrated as the fashion designer received widespread praise for the documentary. Analysts expect the rookie team to reach the playoff series this year. Fans celebrated as the pop star received widespread praise for the streaming series. Analysts expect the defending champions to reach the playoff series this year. Fans praised the veteran defender after the underdogs secured a narrow win.,Sports
The airline responded to a major merger amid changing consumer habits. The conglomerate announced a sharp drop in profits amid supply chain disruptions. The conglomerate announced a major merger in its latest earnings report. Shares of the logistics company moved after the firm cited rising interest rates. The board of the energy firm met to discuss record quarterly revenue. The manufacturer announced a sharp drop in profits in its latest earnings report.,Business
Investors are watching the social media platform closely after a security breach. The cloud provider began testing a cloud computing platform this week. The logistics company plans to open a dozen new locations despite inflation. The board of the retailer met to discuss a sharp drop in profits. The logistics company plans to open five new locations despite inflation. Analysts linked a sharp drop in profits at the energy firm to rising interest rates. The chipmaker patched a critical flaw in a flagship smartphone this week.,Business
Developers welcomed the robotics firm's decision to release a next-generation processor. The cloud provider confirmed a surge in user growth linked to a cybersecurity tool. Shares of the conglomerate moved after the firm cited inflation. Investors are watching the social media platform closely after record quarterly earnings.,Technology
The coach credited the star forward for scoring three goals this season. Critics highlighted record ticket sales following the release of the debut album. The coach credited the young midfielder for scoring two goals this season. The coach credited the captain for scoring a record five goals this season. Analysts expect the rookie team to reach the playoff series this year. Injuries to the striker could affect the underdogs ahead of the playoff series.,Sports
The captain was the standout performer during the international friendly. Analysts expect the league leaders to reach the season opener this year. The goalkeeper was the standout performer during the playoff series. The coach credited the new signing for scoring four goals this season. The fashion designer will appear in a dozen new projects after the debut album. Injuries to the captain could affect the national squad ahead of the derby match.,Sports
Developers welcomed the robotics firm's decision to release a cybersecurity tool. Investors are watching the tech giant closely after significant delays. The chipmaker confirmed significant delays linked to a cloud computing platform. Investors are watching the tech giant closely after a million downloads. Developers welcomed the social media platform's decision to release a next-generation processor.,Technology
Critics say the immigration policy could face three legal challenges. Analysts linked a wave of layoffs at the conglomerate to inflation. The president defended the immigration policy during a press briefing. Critics say the budget proposal could face three legal challenges. The bank announced an unexpected loss in its latest earnings report.,Politics
Fans celebrated as the fashion designer was confirmed to headline the new film. The documentary broke records with record ticket sales. Fans celebrated as the television host surprised fans with the awards ceremony. Critics highlighted a top chart debut following the release of the debut album. The documentary opened to a sold-out premiere this weekend.,Entertainment
The debut album opened to strong box office numbers this weekend. Fans celebrated as the comedian announced plans for the streaming series. Analysts expect the national squad to reach the international friendly this year. Reports say the pop star is finalizing the debut album after a sold-out premiere. The star forward was the standout performer during the title decider. The striker was the standout performer during the derby match.,Entertainment
The awards ceremony opened to strong box office numbers this weekend. Analysts expect the visiting club to reach the season opener this year. The new film opened to mixed reviews this weekend. Critics highlighted mixed reviews following the release of the debut album. Fans celebrated as the pop star surprised fans with the new film. Critics highlighted a viral social media moment following the release of the Broadway musical. Fans praised the captain after the league leaders edged out their rivals.,Entertainment
The fashion designer will appear in two new projects after the world tour. The streaming series broke records with a sold-out premiere. Critics highlighted strong box office numbers following the release of the streaming series. Fans celebrated as the actor surprised fans with the awards ceremony. Critics highlighted record ticket sales following the release of the streaming series. The fashion designer will appear in a dozen new projects after the world tour.,Entertainment
The state governor called on the parliament to reconsider the budget proposal. The newly elected senator met with a dozen foreign delegates to discuss the election law. The regional council is expected to vote on the immigration policy next month. Protesters gathered outside the senate committee to oppose the new tax bill. The regional council is expected to vote on the immigration policy next month.,Politics
The celebrity couple will appear in a dozen new projects after the new film. The league leaders secured a narrow win in the derby match. Analysts expect the underdogs to reach the derby match this year. The star forward was the standout performer during the playoff series. The goalkeeper was the standout performer during the international friendly. Fans praised the captain after the home side edged out their rivals.,Sports
Protesters gathered outside the parliament to oppose the budget proposal. The president called on the senate committee to reconsider the immigration policy. Critics say the budget proposal could face two legal challenges. The logistics company plans to open two new locations despite a new trade agreement. The prime minister met with a dozen foreign delegates to discuss the healthcare reform. The foreign secretary called on the cabinet to reconsider the constitutional amendment.,Politics
The robotics firm confirmed record quarterly earnings linked to a flagship smartphone. Analysts say the software company could see a million downloads following the release of a cloud computing platform. Analysts linked a major merger at the airline to rising interest rates. The social media platform confirmed strong developer interest linked to a new artificial intelligence model. Developers welcomed the social media platform's decision to release a flagship smartphone. The cloud provider confirmed a million downloads linked to an autonomous delivery drone. The board of the airline met to discuss rising shares.,Technology
The board of the retailer met to discuss a major merger. Analysts say the cloud provider could see a security breach following the release of a next-generation processor. The startup confirmed a security breach linked to an autonomous delivery drone. The tech giant confirmed significant delays linked to a new artificial intelligence model.,Technology
The newly elected senator met with five foreign delegates to discuss the election law. Analysts linked a major merger at the energy firm to rising interest rates. The ruling coalition is expected to vote on the healthcare reform next month. Critics say the new tax bill could face five legal challenges. The newly elected senator called on the senate committee to reconsider the election law. The election commission faced criticism over the election law this week. The regional council faced criticism over the healthcare reform this week.,Politics
Investors are watching the startup closely after a security breach. The startup began testing a new artificial intelligence model this week. The bank announced strong consumer demand in its latest earnings report. Analysts say the chipmaker could see record quarterly earnings following the release of a machine learning framework.,Entertainment
Investors reacted cautiously to supply chain disruptions affecting the logistics company. Shares of the retailer moved after the firm cited a new trade agreement. Analysts linked an unexpected loss at the manufacturer to increased competition. Investors reacted cautiously to higher fuel costs affecting the retailer.,Business
The ruling coalition is expected to vote on the election law next month. Protesters gathered outside the senate committee to oppose the constitutional amendment. The prime minister defended the new tax bill during a press briefing. The board of the logistics company met to discuss record quarterly revenue. The president defended the budget proposal during a press briefing. The prime minister called on the cabinet to reconsider the trade agreement. The senate committee is expected to vote on the new tax bill next month.,Business
The prime minister defended the healthcare reform during a press briefing. Analysts linked a sharp drop in profits at the logistics company to inflation. Protesters gathered outside the election commission to oppose the immigration policy. The state governor met with five foreign delegates to discuss the constitutional amendment. The prime minister met with a dozen foreign delegates to discuss the election law. The regional council debated for hours before approving the healthcare reform this week. Critics say the constitutional amendment could face several legal challenges.,Politics
The defending champions clinched a dramatic win in the international friendly. Injuries to the star forward could affect the league leaders ahead of the championship final. The coach credited the striker for scoring two goals this season. The coach credited the striker for scoring four goals this season. Fans praised the striker after the underdogs cruised to victory. The defending champions will face tough opposition in the next the season opener. The defending champions secured a narrow win in the derby match.,Sports
The manufacturer plans to open five new locations despite rising interest rates. The prime minister defended the constitutional amendment during a press briefing. The conglomerate announced a major merger in its latest earnings report. The ruling coalition is expected to vote on the trade agreement next month.,Politics
Shares of the airline moved after the firm cited inflation. Developers welcomed the chipmaker's decision to release a cybersecurity tool. Developers welcomed the robotics firm's decision to release a cloud computing platform. Developers welcomed the social media platform's decision to release an autonomous delivery drone. A new artificial intelligence model from the social media platform reported a security breach.,Technology
The captain was the standout performer during the international friendly. Fans celebrated as the fashion designer faced criticism over the world tour. The streaming series broke records with a viral social media moment. The awards ceremony broke records with record ticket sales.,Entertainment
Investors are watching the chipmaker closely after a security breach. Developers welcomed the chipmaker's decision to release an autonomous delivery drone. Engineers at the cloud provider announced a new artificial intelligence model after three months of testing. Engineers at the tech giant announced a cybersecurity tool after two months of testing.,Technology
The striker was the standout performer during the championship final. Reports say the pop star is finalizing the debut album after a sold-out premiere. Fans praised the goalkeeper after the league leaders dominated from start to finish. The film director will appear in two new projects after the awards ceremony.,Sports
The debut album broke records with a sold-out premiere. The world tour opened to a viral social media moment this weekend. The streaming series broke records with record ticket sales. The new film opened to a viral social media moment this weekend.,Entertainment
Analysts linked rising shares at the airline to changing consumer habits. The conglomerate responded to an unexpected loss amid inflation. Analysts say the chipmaker could see strong developer interest following the release of a cloud computing platform. A next-generation processor from the robotics firm reported a security breach.,Business
Fans celebrated as the film director announced plans for the new film. Injuries to the striker could affect the visiting club ahead of the season opener. Injuries to the new signing could affect the league leaders ahead of the derby match. The league leaders clinched a dramatic win in the championship final. The pop star was confirmed to headline the world tour. The home side will face tough opposition in the next the championship final.,Sports
Critics highlighted a top chart debut following the release of the debut album. Fans praised the star forward after the national squad dominated from start to finish. Fans praised the young midfielder after the league leaders dominated from start to finish. The new film broke records with a top chart debut. The league leaders will face tough opposition in the next the playoff series.,Sports
The senate committee released a statement about the constitutional amendment this week. The conglomerate announced strong consumer demand amid inflation. The cabinet released a statement about the new tax bill this week. Protesters gathered outside the national assembly to oppose the healthcare reform.,Politics
Injuries to the striker could affect the home side ahead of the international friendly. Fans celebrated as the actor was confirmed to headline the awards ceremony. The national squad will face tough opposition in the next the season opener. Fans praised the young midfielder after the visiting club cruised to victory. Fans celebrated as the television host celebrated the success of the documentary. The debut album broke records with strong box office numbers.,Sports
Analysts say the tech giant could see a security breach following the release of a new artificial intelligence model. The social media platform confirmed significant delays linked to a new artificial intelligence model. Developers welcomed the robotics firm's decision to release a machine learning framework. The chipmaker recalled a flagship smartphone this week. Analysts say the chipmaker could see record quarterly earnings following the release of a new artificial intelligence model. Investors are watching the software company closely after significant delays. The board of the energy firm met to discuss a wave of layoffs.,Technology
The world tour opened to a sold-out premiere this weekend. The celebrity couple will appear in several new projects after the world tour. The world tour opened to mixed reviews this weekend. Reports say the actor is finalizing the streaming series after record ticket sales.,Entertainment
The national squad will face tough opposition in the next the playoff series. Analysts expect the home side to reach the playoff series this year. The star forward was the standout performer during the season opener. Analysts expect the national squad to reach the season opener this year. The coach credited the striker for scoring seven goals this season.,Sports
A new artificial intelligence model from the startup reported a surge in user growth. Investors are watching the tech giant closely after a surge in user growth. Investors reacted cautiously to rising interest rates affecting the retailer. The board of the retailer met to discuss a sharp drop in profits. Analysts say the chipmaker could see a surge in user growth following the release of a machine learning framework. A new artificial intelligence model from the chipmaker reported record quarterly earnings.,Technology
The prime minister defended the election law during a press briefing. The logistics company announced record quarterly revenue in its latest earnings report. Protesters gathered outside the regional council to oppose the healthcare reform. The state governor met with a dozen foreign delegates to discuss the budget proposal. The ruling coalition is expected to vote on the budget proposal next month. The retailer revised forecasts because of a wave of layoffs amid a new trade agreement.,Politics
The bank announced record quarterly revenue amid supply chain disruptions. The social media platform recalled a next-generation processor this week. Analysts say the cloud provider could see a security breach following the release of a machine learning framework. The chipmaker confirmed record quarterly earnings linked to a machine learning framework. A new artificial intelligence model from the chipmaker reported significant delays. A flagship smartphone from the robotics firm reported a surge in user growth.,Entertainment
Critics highlighted mixed reviews following the release of the awards ceremony. Reports say the television host is finalizing the documentary after a top chart debut. The underdogs edged out their rivals in the international friendly. Fans celebrated as the television host announced plans for the debut album. Reports say the television host is finalizing the Broadway musical after a top chart debut.,Entertainment
The logistics company plans to open a dozen new locations despite higher fuel costs. Investors reacted cautiously to rising interest rates affecting the conglomerate. Analysts linked a major merger at the energy firm to supply chain disruptions. Investors are watching the chipmaker closely after a million downloads. The bank plans to open several new locations despite supply chain disruptions.,Business
Critics say the election law could face several legal challenges. The manufacturer announced record quarterly revenue in its latest earnings report. The regional council debated for hours before approving the healthcare reform this week. The regional council released a statement about the election law this week. The conglomerate announced a major merger in its latest earnings report. Critics say the immigration policy could face several legal challenges. Investors reacted cautiously to inflation affecting the retailer.,Politics
The bank plans to open three new locations despite a new trade agreement. Investors reacted cautiously to increased competition affecting the airline. The robotics firm began testing a machine learning framework this week. Analysts linked record quarterly revenue at the retailer to higher fuel costs. The board of the retailer met to discuss strong consumer demand. Shares of the retailer moved after the firm cited increased competition.,Business
The software company unveiled a flagship smartphone this week. Engineers at the social media platform announced a machine learning framework after several months of testing. Engineers at the cloud provider announced a cloud computing platform after two months of testing. Engineers at the startup announced an autonomous delivery drone after two months of testing. A new artificial intelligence model from the social media platform reported significant delays.,Technology
Fans celebrated as the actor celebrated the success of the world tour. The streaming series broke records with strong box office numbers. Fans celebrated as the actor received widespread praise for the documentary. The national squad will face tough opposition in the next the derby match.,Entertainment
Critics highlighted mixed reviews following the release of the new film. The fashion designer will appear in five new projects after the Broadway musical. Fans celebrated as the celebrity couple was confirmed to headline the streaming series. The coach credited the new signing for scoring three goals this season. Critics highlighted a sold-out premiere following the release of the new film. Injuries to the goalkeeper could affect the rookie team ahead of the championship final.,Sports
Developers welcomed the chipmaker's decision to release a machine learning framework. The software company confirmed a security breach linked to a machine learning framework. Developers welcomed the software company's decision to release an autonomous delivery drone. Shares of the conglomerate moved after the firm cited increased competition. The conglomerate plans to open several new locations despite supply chain disruptions.,Business
Injuries to the new signing could affect the defending champions ahead of the title decider. Injuries to the star forward could affect the defending champions ahead of the international friendly. Critics highlighted a top chart debut following the release of the debut album. Analysts expect the underdogs to reach the title decider this year. The underdogs came from behind to triumph in the title decider.,Sports
Fans celebrated as the pop star surprised fans with the streaming series. Analysts expect the national squad to reach the championship final this year. Fans praised the goalkeeper after the underdogs cruised to victory. Fans celebrated as the pop star surprised fans with the new film. The documentary opened to a viral social media moment this weekend. The home side cruised to victory in the title decider.,Sports
Analysts linked a wave of layoffs at the logistics company to higher fuel costs. Investors reacted cautiously to rising interest rates affecting the bank. Developers welcomed the chipmaker's decision to release a machine learning framework. A flagship smartphone from the chipmaker reported strong developer interest. Shares of the manufacturer moved after the firm cited supply chain disruptions. Analysts say the cloud provider could see record quarterly earnings following the release of a next-generation processor.,Technology
Fans celebrated as the fashion designer faced criticism over the Broadway musical. The captain was the standout performer during the playoff series. The rookie team will face tough opposition in the next the season opener. The defending champions clinched a dramatic win in the international friendly. The streaming series opened to mixed reviews this weekend.,Sports
The defending champions will face tough opposition in the next the season opener. The defending champions will face tough opposition in the next the international friendly. The debut album opened to a top chart debut this weekend. Fans praised the goalkeeper after the home side clinched a dramatic win. The documentary broke records with mixed reviews.,Entertainment
The Broadway musical broke records with strong box office numbers. Reports say the television host is finalizing the documentary after a sold-out premiere. The debut album opened to a sold-out premiere this weekend. Reports say the fashion designer is finalizing the streaming series after a sold-out premiere. The world tour opened to strong box office numbers this weekend.,Entertainment
Critics highlighted mixed reviews following the release of the streaming series. Fans celebrated as the celebrity couple was confirmed to headline the new film. Injuries to the striker could affect the home side ahead of the international friendly. The coach credited the veteran defender for scoring seven goals this season. The fashion designer faced criticism over the streaming series. The coach credited the goalkeeper for scoring a record five goals this season. The veteran defender was the standout performer during the qualifying round.,Sports
The foreign secretary met with two foreign delegates to discuss the new tax bill. The foreign secretary defended the budget proposal during a press briefing. The newly elected senator defended the healthcare reform during a press briefing. Protesters gathered outside the regional council to oppose the constitutional amendment. The newly elected senator met with three foreign delegates to discuss the constitutional amendment. Shares of the airline moved after the firm cited increased competition.,Politics
The veteran defender was the standout performer during the season opener. The young midfielder was the standout performer during the playoff series. Reports say the television host is finalizing the Broadway musical after a viral social media moment. Fans praised the captain after the defending champions cruised to victory.,Sports
The ruling coalition is expected to vote on the election law next month. The senate committee is expected to vote on the constitutional amendment next month. The foreign secretary called on the parliament to reconsider the healthcare reform. The opposition leader defended the constitutional amendment during a press briefing. The parliament is expected to vote on the constitutional amendment next month.,Politics
The underdogs dominated from start to finish in the title decider. Reports say the celebrity couple is finalizing the awards ceremony after a viral social media moment. Critics highlighted record ticket sales following the release of the new film. Reports say the film director is finalizing the debut album after mixed reviews.,Entertainment
Fans celebrated as the film director was confirmed to headline the new film. Critics highlighted record ticket sales following the release of the streaming series. The fashion designer will appear in five new projects after the Broadway musical. Injuries to the young midfielder could affect the visiting club ahead of the qualifying round. Fans celebrated as the celebrity couple announced plans for the world tour. The visiting club clinched a dramatic win in the championship final. The film director faced criticism over the world tour.,Entertainment
The newly elected senator defended the constitutional amendment during a press briefing. Investors reacted cautiously to higher fuel costs affecting the conglomerate. The election commission voted narrowly to pass the healthcare reform this week. Analysts linked strong consumer demand at the energy firm to inflation. The finance minister defended the budget proposal during a press briefing. The board of the conglomerate met to discuss rising shares. Analysts linked a wave of layoffs at the manufacturer to changing consumer habits.,Politics
The board of the retailer met to discuss rising shares. Developers welcomed the cloud provider's decision to release a cybersecurity tool. Engineers at the chipmaker announced a machine learning framework after three months of testing. Investors reacted cautiously to higher fuel costs affecting the bank.,Business
Critics say the trade agreement could face five legal challenges. The ruling coalition faced criticism over the new tax bill this week. Analysts linked rising shares at the logistics company to rising interest rates. The ruling coalition postponed a decision on the constitutional amendment this week. Critics say the budget proposal could face five legal challenges. Critics say the trade agreement could face two legal challenges.,Politics
The streaming series opened to strong box office numbers this weekend. The film director surprised fans with the streaming series. The actor surprised fans with the new film. Fans praised the star forward after the rookie team clinched a dramatic win.,Entertainment
The election commission postponed a decision on the new tax bill this week. Protesters gathered outside the cabinet to oppose the new tax bill. The board of the retailer met to discuss a wave of layoffs. The parliament is expected to vote on the election law next month. The president defended the constitutional amendment during a press briefing. Protesters gathered outside the election commission to oppose the constitutional amendment. The state governor met with several foreign delegates to discuss the healthcare reform.,Politics
The prime minister called on the regional council to reconsider the healthcare reform. Protesters gathered outside the regional council to oppose the constitutional amendment. The president defended the healthcare reform during a press briefing. The board of the retailer met to discuss a wave of layoffs. The regional council is expected to vote on the election law next month.,Politics
Reports say the pop star is finalizing the Broadway musical after record ticket sales. The comedian will appear in five new projects after the streaming series. Reports say the fashion designer is finalizing the Broadway musical after strong box office numbers. Critics highlighted record ticket sales following the release of the awards ceremony. The actor will appear in three new projects after the documentary. The comedian faced criticism over the new film. The comedian will appear in three new projects after the Broadway musical.,Entertainment
Analysts linked record quarterly revenue at the airline to rising interest rates. Analysts say the robotics firm could see a surge in user growth following the release of a flagship smartphone. Investors are watching the social media platform closely after strong developer interest. The conglomerate announced a sharp drop in profits amid a new trade agreement. Engineers at the chipmaker announced a next-generation processor after a dozen months of testing. The startup confirmed a surge in user growth linked to a cloud computing platform.,Technology
The coach credited the striker for scoring two goals this season. The awards ceremony broke records with strong box office numbers. The new signing was the standout performer during the playoff series. Injuries to the veteran defender could affect the home side ahead of the international friendly. Injuries to the veteran defender could affect the national squad ahead of the derby match. Injuries to the young midfielder could affect the defending champions ahead of the season opener.,Sports
Analysts expect the league leaders to reach the qualifying round this year. Analysts expect the defending champions to reach the qualifying round this year. The coach credited the young midfielder for scoring a record five goals this season. The national squad came from behind to triumph in the playoff series.,Sports
Critics highlighted a top chart debut following the release of the new film. The celebrity couple will appear in two new projects after the new film. The Broadway musical opened to strong box office numbers this weekend. Fans celebrated as the celebrity couple was confirmed to headline the new film. The coach credited the star forward for scoring seven goals this season.,Entertainment
The bank announced an unexpected loss in its latest earnings report. Protesters gathered outside the regional council to oppose the election law. Critics say the immigration policy could face two legal challenges. The board of the airline met to discuss rising shares. The retailer plans to open three new locations despite increased competition. The election commission is expected to vote on the healthcare reform next month.,Politics
Shares of the energy firm moved after the firm cited rising interest rates. Developers welcomed the startup's decision to release a cybersecurity tool. The robotics firm released a major update to a next-generation processor this week. The startup confirmed a million downloads linked to a flagship smartphone. An autonomous delivery drone from the cloud provider reported a million downloads. Investors reacted cautiously to increased competition affecting the conglomerate.,Technology
The retailer plans to open five new locations despite increased competition. The energy firm plans to open three new locations despite higher fuel costs. Shares of the airline moved after the firm cited increased competition. The board of the bank met to discuss a major merger. Analysts linked a sharp drop in profits at the logistics company to higher fuel costs. The conglomerate announced a sharp drop in profits in its latest earnings report. Engineers at the startup announced a flagship smartphone after three months of testing.,Business
The manufacturer attributed a major merger amid increased competition. Developers welcomed the software company's decision to release a flagship smartphone. Investors reacted cautiously to inflation affecting the energy firm. A machine learning framework from the startup reported a security breach. Analysts say the chipmaker could see record quarterly earnings following the release of a next-generation processor. The logistics company reported a sharp drop in profits amid higher fuel costs. The tech giant scaled up production of a flagship smartphone this week.,Business
The comedian celebrated the success of the awards ceremony. The new film broke records with strong box office numbers. Fans praised the star forward after the underdogs secured a narrow win. The new film broke records with strong box office numbers. The new film broke records with a top chart debut. The pop star will appear in several new projects after the new film. Fans praised the star forward after the defending champions clinched a dramatic win.,Entertainment
The fashion designer will appear in three new projects after the Broadway musical. The home side dominated from start to finish in the qualifying round. The celebrity couple announced plans for the Broadway musical. Fans praised the goalkeeper after the rookie team cruised to victory.,Entertainment
Reports say the television host is finalizing the world tour after strong box office numbers. Injuries to the young midfielder could affect the defending champions ahead of the championship final. Critics highlighted a viral social media moment following the release of the world tour. Critics highlighted mixed reviews following the release of the debut album. The comedian will appear in several new projects after the documentary. Critics highlighted strong box office numbers following the release of the streaming series. Fans praised the veteran defender after the underdogs clinched a dramatic win.,Entertainment
Reports say the celebrity couple is finalizing the Broadway musical after a viral social media moment. The television host will appear in three new projects after the documentary. Critics highlighted a viral social media moment following the release of the debut album. The coach credited the new signing for scoring two goals this season. The pop star received widespread praise for the new film. The celebrity couple faced criticism over the streaming series.,Entertainment
The pop star celebrated the success of the awards ceremony. The underdogs will face tough opposition in the next the championship final. Injuries to the young midfielder could affect the defending champions ahead of the qualifying round. The underdogs secured a narrow win in the derby match. Fans praised the young midfielder after the league leaders came from behind to triumph. The league leaders edged out their rivals in the derby match. The coach credited the striker for scoring four goals this season.,Sports
The comedian will appear in several new projects after the streaming series. The awards ceremony broke records with a top chart debut. Fans celebrated as the celebrity couple faced criticism over the streaming series. Fans celebrated as the actor was confirmed to headline the streaming series. Fans celebrated as the comedian received widespread praise for the documentary.,Entertainment
Analysts linked a sharp drop in profits at the manufacturer to a new trade agreement. A cloud computing platform from the robotics firm reported a surge in user growth. The logistics company plans to open a dozen new locations despite rising interest rates. The software company recalled a new artificial intelligence model this week. Shares of the manufacturer moved after the firm cited increased competition.,Business
The airline announced a wave of layoffs in its latest earnings report. The cloud provider confirmed record quarterly earnings linked to a new artificial intelligence model. Engineers at the startup announced a flagship smartphone after five months of testing. The energy firm announced strong consumer demand amid inflation.,Technology
Protesters gathered outside the parliament to oppose the immigration policy. The parliament faced criticism over the election law this week. The foreign secretary called on the cabinet to reconsider the budget proposal. Critics say the new tax bill could face five legal challenges.,Politics
A cloud computing platform from the social media platform reported strong developer interest. A machine learning framework from the social media platform reported record quarterly earnings. Engineers at the startup announced a new artificial intelligence model after three months of testing. Analysts say the tech giant could see significant delays following the release of a machine learning framework. A flagship smartphone from the software company reported a surge in user growth.,Technology
Fans celebrated as the film director received widespread praise for the world tour. The streaming series opened to a viral social media moment this weekend. The new film opened to a top chart debut this weekend. The coach credited the veteran defender for scoring a record five goals this season. Reports say the comedian is finalizing the streaming series after strong box office numbers. The rookie team secured a narrow win in the title decider.,Sports
The conglomerate announced a major merger in its latest earnings report. The manufacturer plans to open three new locations despite higher fuel costs. Investors are watching the startup closely after a million downloads. Engineers at the tech giant announced a next-generation processor after several months of testing. Analysts say the cloud provider could see significant delays following the release of a new artificial intelligence model. Investors reacted cautiously to changing consumer habits affecting the energy firm.,Technology
Analysts linked strong consumer demand at the logistics company to supply chain disruptions. Analysts linked a wave of layoffs at the conglomerate to changing consumer habits. Investors reacted cautiously to a new trade agreement affecting the conglomerate. The manufacturer plans to open two new locations despite increased competition. Engineers at the social media platform announced a next-generation processor after five months of testing. The logistics company revised forecasts because of strong consumer demand amid higher fuel costs.,Business
Reports say the fashion designer is finalizing the world tour after a top chart debut. Analysts expect the defending champions to reach the derby match this year. The pop star announced plans for the documentary. The comedian will appear in three new projects after the world tour. The new signing was the standout performer during the playoff series. The league leaders secured a narrow win in the qualifying round.,Entertainment
Analysts linked a major merger at the conglomerate to higher fuel costs. Shares of the manufacturer moved after the firm cited a new trade agreement. The software company scaled up production of a next-generation processor this week. Analysts linked a wave of layoffs at the logistics company to rising interest rates. Shares of the logistics company moved after the firm cited increased competition. Shares of the manufacturer moved after the firm cited inflation.,Business
Injuries to the young midfielder could affect the national squad ahead of the playoff series. The streaming series opened to a sold-out premiere this weekend. The coach credited the young midfielder for scoring a record five goals this season. The rookie team will face tough opposition in the next the playoff series. Analysts expect the visiting club to reach the title decider this year. Reports say the celebrity couple is finalizing the awards ceremony after record ticket sales.,Sports
The manufacturer announced record quarterly revenue in its latest earnings report. Investors reacted cautiously to changing consumer habits affecting the logistics company. Investors reacted cautiously to higher fuel costs affecting the logistics company. Analysts linked record quarterly revenue at the logistics company to changing consumer habits. A machine learning framework from the software company reported a million downloads.,Business
The finance minister defended the election law during a press briefing. The opposition leader met with a dozen foreign delegates to discuss the immigration policy. Analysts linked record quarterly revenue at the logistics company to a new trade agreement. The retailer announced strong consumer demand in its latest earnings report. The conglomerate announced a sharp drop in profits in its latest earnings report.,Politics
The debut album opened to strong box office numbers this weekend. Analysts expect the home side to reach the playoff series this year. Fans praised the young midfielder after the rookie team clinched a dramatic win. Injuries to the young midfielder could affect the league leaders ahead of the international friendly. The coach credited the striker for scoring three goals this season. The home side secured a narrow win in the season opener.,Entertainment
The opposition leader called on the regional council to reconsider the new tax bill. The newly elected senator defended the immigration policy during a press briefing. The finance minister called on the ruling coalition to reconsider the election law. The cabinet released a statement about the healthcare reform this week. Critics say the constitutional amendment could face two legal challenges. The regional council is expected to vote on the trade agreement next month. The newly elected senator called on the election commission to reconsider the immigration policy.,Politics
Injuries to the new signing could affect the rookie team ahead of the qualifying round. The rookie team cruised to victory in the championship final. Fans praised the striker after the underdogs cruised to victory. The coach credited the goalkeeper for scoring two goals this season. The coach credited the young midfielder for scoring two goals this season.,Sports
The board of the manufacturer met to discuss a major merger. Shares of the airline moved after the firm cited supply chain disruptions. The board of the bank met to discuss an unexpected loss. Investors reacted cautiously to inflation affecting the manufacturer. The bank announced rising shares in its latest earnings report. Analysts say the tech giant could see record quarterly earnings following the release of a machine learning framework. The cloud provider released a major update to a new artificial intelligence model this week.,Business
The underdogs will face tough opposition in the next the title decider. The coach credited the veteran defender for scoring seven goals this season. The goalkeeper was the standout performer during the title decider. Fans praised the captain after the rookie team dominated from start to finish. Analysts expect the underdogs to reach the season opener this year. Fans praised the striker after the defending champions dominated from start to finish.,Sports
A cybersecurity tool from the software company reported a security breach. Engineers at the tech giant announced a next-generation processor after several months of testing. The bank announced record quarterly revenue in its latest earnings report. Analysts say the robotics firm could see a security breach following the release of an autonomous delivery drone. The energy firm plans to open several new locations despite higher fuel costs. The tech giant confirmed a surge in user growth linked to an autonomous delivery drone. Investors reacted cautiously to changing consumer habits affecting the logistics company.,Entertainment
The logistics company attributed strong consumer demand amid rising interest rates. The airline announced a wave of layoffs amid rising interest rates. Investors are watching the software company closely after significant delays. The robotics firm confirmed strong developer interest linked to an autonomous delivery drone. Analysts say the tech giant could see a million downloads following the release of a machine learning framework.,Technology
Analysts linked an unexpected loss at the conglomerate to changing consumer habits. Developers welcomed the software company's decision to release a cybersecurity tool. Shares of the conglomerate moved after the firm cited higher fuel costs. The logistics company responded to an unexpected loss amid rising interest rates.,Business
The manufacturer announced record quarterly revenue in its latest earnings report. The startup confirmed a million downloads linked to a next-generation processor. The board of the logistics company met to discuss strong consumer demand. The airline plans to open three new locations despite changing consumer habits. Shares of the airline moved after the firm cited inflation. An autonomous delivery drone from the software company reported record quarterly earnings.,Business
Injuries to the star forward could affect the league leaders ahead of the qualifying round. Reports say the pop star is finalizing the documentary after mixed reviews. The debut album opened to record ticket sales this weekend. Critics highlighted record ticket sales following the release of the world tour.,Sports
The foreign secretary met with three foreign delegates to discuss the immigration policy. The manufacturer announced an unexpected loss amid a new trade agreement. The national assembly is expected to vote on the immigration policy next month. The national assembly is expected to vote on the healthcare reform next month. The national assembly released a statement about the immigration policy this week. The manufacturer revised forecasts because of an unexpected loss amid rising interest rates. The retailer announced rising shares in its latest earnings report.,Politics
Shares of the retailer moved after the firm cited a new trade agreement. Analysts say the software company could see significant delays following the release of an autonomous delivery drone. The manufacturer announced an unexpected loss in its latest earnings report. Shares of the airline moved after the firm cited inflation. An autonomous delivery drone from the chipmaker reported a surge in user growth.,Technology
Shares of the airline moved after the firm cited a new trade agreement. The board of the bank met to discuss a sharp drop in profits. Investors reacted cautiously to inflation affecting the manufacturer. The manufacturer announced a major merger in its latest earnings report. The board of the energy firm met to discuss strong consumer demand. Investors reacted cautiously to supply chain disruptions affecting the conglomerate.,Business
The fashion designer will appear in several new projects after the streaming series. The documentary broke records with a viral social media moment. The comedian celebrated the success of the debut album. Reports say the television host is finalizing the awards ceremony after a viral social media moment. The coach credited the veteran defender for scoring four goals this season.,Entertainment
The comedian announced plans for the debut album. The young midfielder was the standout performer during the qualifying round. The television host will appear in five new projects after the new film. Reports say the celebrity couple is finalizing the Broadway musical after strong box office numbers. Fans praised the new signing after the visiting club edged out their rivals. Fans celebrated as the fashion designer faced criticism over the Broadway musical. Fans celebrated as the fashion designer was confirmed to headline the streaming series.,Entertainment
Developers welcomed the cloud provider's decision to release a new artificial intelligence model. The robotics firm confirmed strong developer interest linked to a cybersecurity tool. Shares of the logistics company moved after the firm cited increased competition. Investors reacted cautiously to inflation affecting the conglomerate. Investors are watching the startup closely after a security breach. The robotics firm confirmed a surge in user growth linked to a machine learning framework. The startup scaled up production of a flagship smartphone this week.,Technology
The new film broke records with a sold-out premiere. Injuries to the striker could affect the underdogs ahead of the season opener. Fans celebrated as the celebrity couple was confirmed to headline the Broadway musical. Reports say the film director is finalizing the new film after mixed reviews. The striker was the standout performer during the derby match. The coach credited the striker for scoring seven goals this season. Fans praised the new signing after the defending champions secured a narrow win.,Sports
Analysts linked a major merger at the bank to a new trade agreement. The board of the manufacturer met to discuss rising shares. Investors are watching the robotics firm closely after a million downloads. Shares of the conglomerate moved after the firm cited a new trade agreement. The logistics company announced rising shares in its latest earnings report.,Business
Injuries to the captain could affect the national squad ahead of the season opener. Critics highlighted mixed reviews following the release of the documentary. The coach credited the striker for scoring four goals this season. Fans praised the veteran defender after the defending champions clinched a dramatic win. Reports say the film director is finalizing the new film after a viral social media moment. Analysts expect the home side to reach the playoff series this year.,Sports
The actor received widespread praise for the world tour. The film director celebrated the success of the streaming series. The debut album broke records with a viral social media moment. Reports say the pop star is finalizing the Broadway musical after a sold-out premiere. Critics highlighted a top chart debut following the release of the new film. The pop star will appear in several new projects after the debut album.,Entertainment
Reports say the film director is finalizing the debut album after record ticket sales. Fans praised the new signing after the rookie team dominated from start to finish. Fans praised the young midfielder after the visiting club came from behind to triumph. Critics highlighted a top chart debut following the release of the new film. The celebrity couple will appear in several new projects after the world tour.,Entertainment
The streaming series broke records with a top chart debut. The actor surprised fans with the documentary. Fans celebrated as the fashion designer celebrated the success of the new film. Analysts expect the visiting club to reach the qualifying round this year. The underdogs will face tough opposition in the next the qualifying round. The coach credited the new signing for scoring seven goals this season. The comedian will appear in five new projects after the new film.,Entertainment
Analysts say the chipmaker could see a million downloads following the release of a new artificial intelligence model. Analysts say the chipmaker could see significant delays following the release of a new artificial intelligence model. Engineers at the social media platform announced a cloud computing platform after several months of testing. The cloud provider released a major update to a cloud computing platform this week. Analysts say the startup could see a security breach following the release of an autonomous delivery drone. The cloud provider began testing a new artificial intelligence model this week. The robotics firm confirmed record quarterly earnings linked to an autonomous delivery drone.,Technology
The senate committee debated for hours before approving the healthcare reform this week. The prime minister defended the election law during a press briefing. The ruling coalition held emergency talks over the healthcare reform this week. The board of the logistics company met to discuss rising shares. Critics say the new tax bill could face two legal challenges. The opposition leader called on the regional council to reconsider the budget proposal. The election commission released a statement about the budget proposal this week.,Politics
Analysts linked a sharp drop in profits at the retailer to rising interest rates. Shares of the conglomerate moved after the firm cited increased competition. Analysts linked a sharp drop in profits at the conglomerate to rising interest rates. Analysts linked a major merger at the manufacturer to higher fuel costs. The airline revised forecasts because of a wave of layoffs amid rising interest rates. The energy firm responded to rising shares amid a new trade agreement.,Business
The state governor called on the senate committee to reconsider the constitutional amendment. Analysts linked strong consumer demand at the manufacturer to rising interest rates. Critics say the immigration policy could face a dozen legal challenges. Investors reacted cautiously to changing consumer habits affecting the bank. The bank revised forecasts because of record quarterly revenue amid changing consumer habits. The ruling coalition is expected to vote on the healthcare reform next month. The board of the logistics company met to discuss a wave of layoffs.,Politics
The board of the airline met to discuss record quarterly revenue. Investors reacted cautiously to inflation affecting the airline. Shares of the bank moved after the firm cited supply chain disruptions. Shares of the energy firm moved after the firm cited higher fuel costs. The tech giant open-sourced a cloud computing platform this week.,Business
Fans celebrated as the film director announced plans for the awards ceremony. Fans celebrated as the actor received widespread praise for the world tour. The new film broke records with a sold-out premiere. Fans celebrated as the actor faced criticism over the awards ceremony.,Entertainment
Investors reacted cautiously to rising interest rates affecting the manufacturer. Analysts say the chipmaker could see strong developer interest following the release of a cybersecurity tool. The manufacturer announced strong consumer demand in its latest earnings report. The conglomerate plans to open five new locations despite changing consumer habits. The airline plans to open two new locations despite inflation. The bank responded to an unexpected loss amid a new trade agreement. The cloud provider open-sourced a new artificial intelligence model this week.,Business
The foreign secretary called on the senate committee to reconsider the constitutional amendment. The newly elected senator defended the budget proposal during a press briefing. Protesters gathered outside the parliament to oppose the trade agreement. The regional council postponed a decision on the election law this week.,Politics
The energy firm announced an unexpected loss in its latest earnings report. A cybersecurity tool from the tech giant reported a million downloads. The board of the energy firm met to discuss rising shares. The energy firm announced a wave of layoffs in its latest earnings report.,Business
The national assembly held emergency talks over the new tax bill this week. The regional council is expected to vote on the trade agreement next month. The senate committee faced criticism over the election law this week. Critics say the immigration policy could face five legal challenges.,Politics
The striker was the standout performer during the season opener. The home side clinched a dramatic win in the championship final. Fans celebrated as the celebrity couple faced criticism over the new film. Fans praised the veteran defender after the defending champions edged out their rivals.,Sports
The comedian will appear in three new projects after the debut album. The defending champions cruised to victory in the title decider. The Broadway musical opened to record ticket sales this weekend. The documentary broke records with a viral social media moment. The home side will face tough opposition in the next the championship final. The actor will appear in three new projects after the new film.,Entertainment
The ruling coalition is expected to vote on the election law next month. Protesters gathered outside the regional council to oppose the election law. Investors reacted cautiously to rising interest rates affecting the conglomerate. Protesters gathered outside the election commission to oppose the new tax bill. The bank plans to open a dozen new locations despite a new trade agreement.,Politics
The senate committee is expected to vote on the healthcare reform next month. Protesters gathered outside the ruling coalition to oppose the immigration policy. Investors reacted cautiously to rising interest rates affecting the conglomerate. The president called on the national assembly to reconsider the immigration policy. The ruling coalition debated for hours before approving the healthcare reform this week. Protesters gathered outside the parliament to oppose the new tax bill. The president called on the senate committee to reconsider the election law.,Politics
Investors reacted cautiously to increased competition affecting the retailer. The logistics company announced strong consumer demand in its latest earnings report. The retailer responded to a wave of layoffs amid inflation. A machine learning framework from the chipmaker reported strong developer interest. The board of the energy firm met to discuss rising shares.,Business
The comedian was confirmed to headline the world tour. Fans praised the veteran defender after the defending champions clinched a dramatic win. The star forward was the standout performer during the derby match. Critics highlighted record ticket sales following the release of the new film.,Entertainment
Fans celebrated as the actor faced criticism over the world tour. The new film opened to record ticket sales this weekend. The visiting club clinched a dramatic win in the championship final. The underdogs cruised to victory in the derby match. The star forward was the standout performer during the derby match.,Sports
